id,first_name,last_name,email,gender,ip_address
1,Darin,Tolputt,dtolputt0@nbcnews.com,Male,162.191.162.94
2,Alvie,Harme,aharme1@bloglovin.com,Genderqueer,112.119.175.92
3,Venus,Lipyeat,vlipyeat2@mashable.com,Female,37.242.207.146
4,Hildagard,Gore,hgore3@nps.gov,Female,177.79.110.39
5,Vinnie,Cottisford,vcottisford4@shop-pro.jp,Male,154.59.10.160
6,Ingmar,Oatley,ioatley5@google.com.hk,Male,114.228.104.248
7,Goran,Morican,gmorican6@myspace.com,Male,186.254.4.45
8,Vin,Rentoul,vrentoul7@ameblo.jp,Female,156.125.36.179
9,Honey,Womersley,hwomersley8@ucla.edu,Genderqueer,217.22.109.75
10,Clywd,Tremblot,ctremblot9@posterous.com,Male,186.103.87.3
11,Orion,Poyzer,opoyzera@w3.org,Male,40.104.216.240
12,Johnna,Macci,jmaccib@comsenz.com,Female,45.211.110.255
13,Worden,Lowth,wlowthc@163.com,Male,88.32.167.114
14,Niven,Portman,nportmand@youtube.com,Male,185.147.240.52
15,Julee,Beney,jbeneye@earthlink.net,Female,154.243.206.189
16,Jenica,Baldung,jbaldungf@miitbeian.gov.cn,Female,162.128.32.200
17,Jobyna,Lagen,jlageng@w3.org,Female,43.215.63.99
18,Broderic,Bertram,bbertramh@ucoz.ru,Male,172.215.239.81
19,Elvira,Harbin,eharbini@cbc.ca,Female,159.1.52.13
20,Morey,Cowcha,mcowchaj@yahoo.co.jp,Male,59.88.177.186
21,Hetti,Titterrell,htitterrellk@woothemes.com,Female,169.254.129.117
22,Hollyanne,Schirak,hschirakl@dagondesign.com,Female,234.98.48.150
23,Lily,Diano,ldianom@flavors.me,Female,104.168.164.148
24,Selia,Koppke,skoppken@aol.com,Female,129.244.176.161
25,Emmanuel,Barrett,ebarretto@livejournal.com,Male,36.30.103.23
26,Emmalynn,McArthur,emcarthurp@indiegogo.com,Female,243.221.142.70
27,Francisca,Brearton,fbreartonq@opera.com,Female,144.204.135.142
28,Dorie,Turnell,dturnellr@examiner.com,Female,158.249.6.69
29,Lemar,MacCambridge,lmaccambridges@state.gov,Male,208.32.17.100
30,Paolo,Linne,plinnet@bloglines.com,Male,217.189.87.5
31,Maryrose,Upston,mupstonu@washingtonpost.com,Female,213.176.140.151
32,Lek,Haggett,lhaggettv@paypal.com,Male,21.208.19.220
33,Raye,Stothart,rstothartw@indiatimes.com,Female,107.100.57.30
34,Rena,Twinbrow,rtwinbrowx@4shared.com,Female,230.164.4.188
35,Adriena,Conechie,aconechiey@slate.com,Female,75.96.133.72
36,Marie-ann,Sewley,msewleyz@google.ca,Female,167.163.119.217
37,Pippa,Kelshaw,pkelshaw10@exblog.jp,Female,197.105.131.0
38,Crystie,Corrin,ccorrin11@cnbc.com,Female,137.68.192.100
39,Amberly,Redish,aredish12@smugmug.com,Female,10.118.164.240
40,Lalo,Gilliatt,lgilliatt13@auda.org.au,Male,0.32.85.132
41,Adella,Lexa,alexa14@woothemes.com,Female,102.60.5.217
42,Sid,Hoggan,shoggan15@webnode.com,Male,58.22.54.76
43,Falkner,Gofford,fgofford16@indiatimes.com,Male,8.86.225.131
44,Ashlan,Iacovacci,aiacovacci17@soup.io,Female,228.101.38.94
45,Mellisa,Abrahamsohn,mabrahamsohn18@prnewswire.com,Female,153.166.130.78
46,Rowe,Yanukhin,ryanukhin19@istockphoto.com,Female,51.0.100.134
47,Tracey,Glasebrook,tglasebrook1a@dropbox.com,Male,250.217.4.205
48,Darcie,Mudle,dmudle1b@netlog.com,Genderfluid,141.38.173.127
49,Sacha,Glenfield,sglenfield1c@biglobe.ne.jp,Female,191.63.121.39
50,Virge,Westwater,vwestwater1d@rakuten.co.jp,Male,36.52.247.234
51,Farlay,Shevell,fshevell1e@google.de,Male,90.12.223.49
52,Hadleigh,Keeping,hkeeping1f@ebay.com,Male,231.137.167.201
53,Archibaldo,Takkos,atakkos1g@thetimes.co.uk,Male,237.115.139.228
54,Christye,Woolager,cwoolager1h@alexa.com,Female,25.5.27.134
55,Hall,Hooks,hhooks1i@nationalgeographic.com,Male,119.143.53.241
56,Burg,D'Ambrosi,bdambrosi1j@t.co,Male,249.208.252.40
57,Theodor,Denley,tdenley1k@studiopress.com,Male,62.31.117.33
58,Jojo,Chape,jchape1l@cafepress.com,Female,145.113.144.54
59,Lulita,Shildrake,lshildrake1m@istockphoto.com,Female,162.37.198.190
60,Lettie,Norsworthy,lnorsworthy1n@spotify.com,Female,12.177.70.252
61,Philippa,Crosham,pcrosham1o@delicious.com,Female,254.12.235.155
62,Shani,Swallow,sswallow1p@typepad.com,Female,200.10.203.18
63,Codee,Jiruch,cjiruch1q@plala.or.jp,Female,189.197.189.217
64,Dexter,Sowerbutts,dsowerbutts1r@elpais.com,Male,165.246.120.39
65,Ilysa,Colthurst,icolthurst1s@prweb.com,Female,196.23.221.243
66,Ertha,Farres,efarres1t@goodreads.com,Female,12.74.144.236
67,Renie,Colthard,rcolthard1u@nbcnews.com,Female,95.109.101.250
68,Brinna,Jankin,bjankin1v@goodreads.com,Female,217.139.248.68
69,Hanson,Stanway,hstanway1w@columbia.edu,Male,155.61.218.105
70,Giffard,Klimkiewich,gklimkiewich1x@edublogs.org,Male,117.183.210.43
71,Gray,Knell,gknell1y@java.com,Female,215.124.211.235
72,Janie,Madgewick,jmadgewick1z@ft.com,Female,14.141.174.169
73,Valene,Benneyworth,vbenneyworth20@skype.com,Female,109.233.53.100
74,Lionel,MacSkeagan,lmacskeagan21@mysql.com,Male,222.55.190.32
75,Abran,Beacham,abeacham22@examiner.com,Male,213.116.188.85
76,Clemmy,Lampert,clampert23@indiatimes.com,Male,79.91.28.177
77,Marris,Adamkiewicz,madamkiewicz24@arizona.edu,Genderfluid,100.76.250.19
78,Axel,Coulthart,acoulthart25@scientificamerican.com,Male,82.217.241.193
79,Alfi,Lawlee,alawlee26@sitemeter.com,Female,211.46.140.95
80,Bordy,Easterling,beasterling27@marketwatch.com,Male,232.146.236.146
81,Lee,Jacobbe,ljacobbe28@zimbio.com,Male,155.239.150.93
82,Ambrosio,Daunter,adaunter29@fotki.com,Male,99.125.197.170
83,Rowan,Radnedge,rradnedge2a@godaddy.com,Male,254.49.128.189
84,Shandra,Pletts,spletts2b@technorati.com,Female,123.96.197.200
85,Cassandra,Fildes,cfildes2c@people.com.cn,Female,88.79.51.237
86,Hy,Cringle,hcringle2d@nsw.gov.au,Male,55.106.243.48
87,Anthea,Cross,across2e@github.io,Female,183.80.92.72
88,Garth,Stebles,gstebles2f@nps.gov,Male,205.103.132.5
89,Radcliffe,Chasson,rchasson2g@blogger.com,Male,215.16.69.99
90,Emlen,Noddle,enoddle2h@github.com,Male,174.182.140.104
91,Bobbe,Bate,bbate2i@stumbleupon.com,Female,168.3.80.87
92,Kennith,Macartney,kmacartney2j@sourceforge.net,Male,240.66.174.24
93,Janos,Gammade,jgammade2k@list-manage.com,Male,229.118.205.154
94,Eleanora,Gabites,egabites2l@homestead.com,Female,32.70.239.119
95,Bernhard,Halford,bhalford2m@icio.us,Male,187.76.242.103
96,Albina,Fibbitts,afibbitts2n@trellian.com,Female,255.186.99.63
97,Cal,Copnell,ccopnell2o@soup.io,Male,16.25.114.26
98,Madge,Mallinson,mmallinson2p@themeforest.net,Female,102.131.144.242
99,Albie,MacFaell,amacfaell2q@wikia.com,Non-binary,152.70.223.158
100,Chrystal,Romain,cromain2r@nymag.com,Female,113.166.116.11
