id,first_name,last_name,email,gender,ip_address
1101,Devon,Adshead,dadshead0@gov.uk,Female,212.109.155.182
1102,Marguerite,Isaksson,misaksson1@cafepress.com,Polygender,78.43.90.67
1103,Shelia,Qualtro,squaltro2@e-recht24.de,Female,173.12.254.87
1104,Nowell,Gurnell,ngurnell3@slideshare.net,Male,125.137.46.62
1105,Elspeth,Beveredge,ebeveredge4@1688.com,Female,67.158.121.47
1106,Trudy,Smullin,tsmullin5@blinklist.com,Female,34.102.171.162
1107,Gayle,Cosham,gcosham6@cbsnews.com,Female,42.43.106.8
1108,Christie,Walden,cwalden7@wufoo.com,Female,126.3.21.17
1109,Jaquenette,Omond,jomond8@friendfeed.com,Female,147.46.18.138
1110,Pamella,Urlich,purlich9@springer.com,Female,200.226.162.200
1111,Durant,Glading,dgladinga@last.fm,Male,201.195.180.149
1112,Horten,Versey,hverseyb@soundcloud.com,Male,11.97.44.87
1113,Merilyn,Drinkale,mdrinkalec@prweb.com,Female,217.80.148.60
1114,Artemas,Cannaway,acannawayd@squidoo.com,Male,19.62.200.40
1115,Yoshiko,Dunsmuir,ydunsmuire@unesco.org,Female,93.217.180.78
1116,Clint,Hessle,chesslef@amazon.co.jp,Male,26.33.131.86
1117,Riccardo,Cullen,rculleng@arizona.edu,Male,58.135.199.192
1118,Lenee,McFetrich,lmcfetrichh@amazon.de,Female,229.71.225.166
1119,Barbabra,Punyer,bpunyeri@jimdo.com,Female,16.47.227.118
1120,Trace,Camillo,tcamilloj@exblog.jp,Male,9.90.252.26
1121,Kincaid,Dyer,kdyerk@seesaa.net,Male,129.232.219.22
1122,Tammara,Armitt,tarmittl@so-net.ne.jp,Female,167.14.46.184
1123,Ivett,Darnbrook,idarnbrookm@hc360.com,Female,227.235.36.94
1124,Dulcine,Catchpole,dcatchpolen@google.com.br,Female,6.72.244.103
1125,Hunt,Fullwood,hfullwoodo@eepurl.com,Male,121.135.229.224
1126,Caryl,Hane,chanep@blogger.com,Female,42.40.14.194
1127,Raphaela,Avramov,ravramovq@reddit.com,Female,108.165.104.202
1128,Chere,Worner,cwornerr@archive.org,Female,151.144.74.233
1129,Marcello,Newling,mnewlings@ftc.gov,Male,65.94.80.210
1130,Silvain,Gemnett,sgemnettt@marriott.com,Male,27.56.235.129
1131,Cathrin,Fibben,cfibbenu@bigcartel.com,Female,225.184.200.42
1132,Bobbie,Brigg,bbriggv@amazon.co.uk,Male,236.34.47.81
1133,Don,Cancelier,dcancelierw@youtu.be,Male,125.80.58.240
1134,Boycie,Hinners,bhinnersx@latimes.com,Male,83.223.69.38
1135,Ignazio,Paulsson,ipaulssony@drupal.org,Male,16.67.115.237
1136,Darrick,Fryers,dfryersz@stumbleupon.com,Male,174.177.244.243
1137,Kelly,Speke,kspeke10@cafepress.com,Female,223.101.144.117
1138,Deloria,Tomasini,dtomasini11@flavors.me,Female,87.252.114.179
1139,Jamima,Fearns,jfearns12@hatena.ne.jp,Female,10.149.115.133
1140,Avery,Lyst,alyst13@cbc.ca,Male,178.48.251.53
1141,Lilly,Keer,lkeer14@samsung.com,Female,239.114.149.64
1142,Giraldo,Pedrazzi,gpedrazzi15@nationalgeographic.com,Male,71.61.151.21
1143,June,Abys,jabys16@businessinsider.com,Female,186.52.213.140
1144,Fredi,Gwalter,fgwalter17@hubpages.com,Female,88.126.48.182
1145,Derwin,O'Toole,dotoole18@rakuten.co.jp,Male,206.152.96.217
1146,Orville,Beddie,obeddie19@cbslocal.com,Male,62.127.14.14
1147,Leroy,Martinson,lmartinson1a@dell.com,Male,168.77.142.106
1148,Pavel,Dufty,pdufty1b@house.gov,Male,210.237.130.177
1149,Edwin,McArte,emcarte1c@ca.gov,Male,19.78.211.177
1150,Elwyn,Jennery,ejennery1d@comcast.net,Male,217.201.231.248
1151,Marlene,Vernazza,mvernazza1e@sakura.ne.jp,Female,162.3.203.99
1152,Kizzie,Pairpoint,kpairpoint1f@privacy.gov.au,Female,4.131.8.15
1153,Levy,Rosenau,lrosenau1g@over-blog.com,Male,126.56.114.112
1154,Leonid,Iannitti,liannitti1h@bigcartel.com,Male,98.162.172.164
1155,Gladys,Lamplough,glamplough1i@mozilla.com,Female,40.222.17.222
1156,Meta,Roubert,mroubert1j@reddit.com,Female,21.111.112.90
1157,Dagny,Beer,dbeer1k@ucsd.edu,Agender,135.173.123.208
1158,Hally,Wicher,hwicher1l@skype.com,Female,204.198.242.53
1159,Glynn,Windeatt,gwindeatt1m@npr.org,Male,222.126.210.162
1160,Sutherland,Bedle,sbedle1n@dell.com,Male,204.170.179.231
1161,Jinny,Rushman,jrushman1o@angelfire.com,Female,24.233.121.221
1162,Morgana,Gossage,mgossage1p@tuttocitta.it,Female,230.227.112.66
1163,Bucky,Langhor,blanghor1q@cafepress.com,Male,20.78.0.16
1164,Hymie,Jeaffreson,hjeaffreson1r@toplist.cz,Male,143.163.14.225
1165,Katharine,Torregiani,ktorregiani1s@whitehouse.gov,Female,237.224.228.221
1166,Read,Revell,rrevell1t@nyu.edu,Male,252.84.19.215
1167,Caritta,Hacket,chacket1u@deviantart.com,Female,157.125.222.227
1168,Ceil,Angell,cangell1v@sfgate.com,Female,160.176.82.42
1169,Bette-ann,Barber,bbarber1w@domainmarket.com,Female,31.237.8.41
1170,Jeane,Sommers,jsommers1x@mapquest.com,Female,142.167.207.184
1171,Nevile,Limer,nlimer1y@smh.com.au,Male,83.162.38.183
1172,Bart,Birbeck,bbirbeck1z@bloglovin.com,Male,130.198.167.107
1173,Valle,Kristof,vkristof20@canalblog.com,Genderfluid,133.82.234.53
1174,Lizbeth,Rideout,lrideout21@skype.com,Female,30.2.172.127
1175,Eilis,Sailor,esailor22@ted.com,Female,73.98.23.82
1176,Anthe,Brusle,abrusle23@time.com,Genderqueer,161.108.120.162
1177,Roddie,Gateshill,rgateshill24@homestead.com,Male,166.112.254.64
1178,Miof mela,Edgworth,medgworth25@prweb.com,Female,42.116.247.44
1179,Anita,Harnett,aharnett26@usatoday.com,Female,38.96.58.253
1180,Kimberlyn,Trevaskus,ktrevaskus27@google.com.br,Female,159.236.88.180
1181,Kingston,Winter,kwinter28@webnode.com,Male,141.85.181.28
1182,Ezra,Mapplethorpe,emapplethorpe29@yahoo.co.jp,Male,246.185.4.241
1183,Dori,Brodhead,dbrodhead2a@fema.gov,Female,222.227.112.121
1184,Elka,Birkenhead,ebirkenhead2b@virginia.edu,Female,43.80.96.92
1185,Saunderson,Gummow,sgummow2c@thetimes.co.uk,Bigender,26.127.157.91
1186,Susanna,Wippermann,swippermann2d@dion.ne.jp,Female,26.242.42.74
1187,Cecil,Seywood,cseywood2e@scientificamerican.com,Male,215.66.65.66
1188,Nanny,Lacy,nlacy2f@yahoo.com,Female,19.247.134.73
1189,Georgie,Svanini,gsvanini2g@businessweek.com,Male,55.3.128.198
1190,Haven,Kildale,hkildale2h@businessinsider.com,Male,84.252.99.83
1191,Othella,Easlea,oeaslea2i@w3.org,Female,176.145.84.58
1192,Anita,Gilbody,agilbody2j@economist.com,Female,124.88.133.22
1193,Kare,Thresh,kthresh2k@bbb.org,Female,166.179.230.37
1194,Netti,Dubois,ndubois2l@nba.com,Female,54.208.251.106
1195,Jesus,Grosvener,jgrosvener2m@guardian.co.uk,Genderqueer,178.141.192.78
1196,Allix,Pococke,apococke2n@blogtalkradio.com,Agender,71.90.1.130
1197,Carlotta,MacMenamy,cmacmenamy2o@salon.com,Female,219.219.43.132
1198,Isaac,Kobel,ikobel2p@kickstarter.com,Male,82.106.236.131
1199,Orson,Scawen,oscawen2q@yolasite.com,Male,47.160.18.28
1200,Francisco,Wooler,fwooler2r@go.com,Male,17.112.95.186
1201,Cathlene,Hissett,chissett2s@elpais.com,Female,20.92.66.102
1202,Hakim,Bompas,hbompas2t@facebook.com,Male,88.119.234.242
1203,Wilma,McCarter,wmccarter2u@exblog.jp,Female,121.150.80.163
1204,Julia,Matus,jmatus2v@japanpost.jp,Female,197.245.105.180
1205,Aldis,Yaxley,ayaxley2w@drupal.org,Male,49.154.154.87
1206,Laure,Sancto,lsancto2x@list-manage.com,Female,153.178.148.185
1207,Estrella,Randalson,erandalson2y@163.com,Female,145.31.89.175
1208,Claudia,Collick,ccollick2z@opensource.org,Female,1.234.47.25
1209,Darleen,Milroy,dmilroy30@over-blog.com,Female,221.41.78.88
1210,Wilone,Osipenko,wosipenko31@discuz.net,Female,109.196.2.207
1211,Gustavus,Warman,gwarman32@posterous.com,Male,211.69.11.143
1212,Kendrick,Stride,kstride33@bbc.co.uk,Male,91.83.177.237
1213,Shay,Starmore,sstarmore34@nps.gov,Male,141.204.64.140
1214,Dimitry,Gavaghan,dgavaghan35@sciencedirect.com,Male,26.240.160.232
1215,Kelci,Tellenbrook,ktellenbrook36@eepurl.com,Female,130.88.113.115
1216,Danika,Ourry,dourry37@state.gov,Female,19.243.248.74
1217,Tricia,Cullon,tcullon38@nba.com,Female,79.98.2.29
1218,Kitti,Culham,kculham39@symantec.com,Genderfluid,77.67.174.93
1219,Web,Cainey,wcainey3a@tuttocitta.it,Male,118.87.129.180
1220,Siusan,Wanden,swanden3b@usgs.gov,Female,94.141.124.101
1221,Annette,Hastin,ahastin3c@prnewswire.com,Female,46.220.105.132
1222,Jacintha,Grandham,jgrandham3d@51.la,Female,139.208.52.207
1223,Rosemarie,While,rwhile3e@ezinearticles.com,Female,141.164.146.126
1224,Tootsie,Bliss,tbliss3f@indiatimes.com,Female,250.166.200.162
1225,Bud,Liger,bliger3g@intel.com,Male,107.47.74.173
1226,Antonetta,Blitzer,ablitzer3h@uol.com.br,Female,90.50.117.187
1227,Lisette,Taffley,ltaffley3i@mlb.com,Female,176.18.37.123
1228,Clemente,Hooban,chooban3j@pagesperso-orange.fr,Male,9.148.74.107
1229,Nerta,Weeds,nweeds3k@github.io,Female,196.74.3.95
1230,Jaimie,MacLure,jmaclure3l@ovh.net,Non-binary,22.88.31.200
1231,Anett,Springall,aspringall3m@alexa.com,Non-binary,157.247.134.144
1232,Moore,Sawkin,msawkin3n@dagondesign.com,Male,51.31.137.138
1233,Dusty,Eagleton,deagleton3o@microsoft.com,Female,19.113.129.222
1234,Mallory,Grevel,mgrevel3p@epa.gov,Female,117.253.235.149
1235,Adeline,Gifkins,agifkins3q@ask.com,Female,134.194.17.1
1236,Ettie,Cooney,ecooney3r@globo.com,Female,98.242.4.182
1237,Grissel,Jorg,gjorg3s@devhub.com,Female,175.54.46.178
1238,Debor,Yorke,dyorke3t@weebly.com,Female,144.153.251.41
1239,Josephina,Leidecker,jleidecker3u@example.com,Female,229.32.192.243
1240,Davine,Antonopoulos,dantonopoulos3v@slashdot.org,Female,219.21.170.167
1241,Hattie,Todaro,htodaro3w@google.co.uk,Female,133.115.103.77
1242,Bernadene,Dimitrijevic,bdimitrijevic3x@google.es,Female,81.11.54.251
1243,Olin,Matessian,omatessian3y@house.gov,Male,220.31.224.200
1244,Kate,Broadbear,kbroadbear3z@telegraph.co.uk,Female,30.244.7.50
1245,Monro,Washtell,mwashtell40@ow.ly,Male,105.63.8.161
1246,Thatcher,Lisamore,tlisamore41@biblegateway.com,Male,223.162.215.89
1247,Miof mela,Fairbairn,mfairbairn42@smugmug.com,Female,41.120.157.53
1248,Yoshiko,Farlow,yfarlow43@last.fm,Female,129.79.28.166
1249,Anabal,McGuinness,amcguinness44@accuweather.com,Female,79.41.48.161
1250,Warren,Fleming,wfleming45@tuttocitta.it,Male,54.173.50.38
1251,Verene,Cullingworth,vcullingworth46@moonfruit.com,Female,3.148.151.46
1252,Channa,Trussler,ctrussler47@nyu.edu,Female,118.29.26.34
1253,Carrie,Blackston,cblackston48@hhs.gov,Female,56.104.88.124
1254,Karen,Becks,kbecks49@tinypic.com,Female,208.37.148.150
1255,Agnes,Sclanders,asclanders4a@freewebs.com,Female,27.29.114.108
1256,Dorthy,Edge,dedge4b@imdb.com,Female,19.23.33.165
1257,Filia,Mc Mechan,fmcmechan4c@i2i.jp,Female,243.52.141.65
1258,Celestia,Tolman,ctolman4d@bluehost.com,Female,170.49.165.144
1259,Nikoletta,Gritsunov,ngritsunov4e@samsung.com,Non-binary,246.250.29.76
1260,Fayth,Redmire,fredmire4f@barnesandnoble.com,Female,201.166.40.165
1261,Filberte,Wisedale,fwisedale4g@kickstarter.com,Male,190.211.99.220
1262,Laurent,Picker,lpicker4h@naver.com,Male,153.12.70.69
1263,Pace,Matterson,pmatterson4i@businessinsider.com,Male,181.220.240.221
1264,Boris,Skippen,bskippen4j@wired.com,Male,164.106.11.170
1265,Beatrisa,Biddell,bbiddell4k@geocities.jp,Female,186.231.164.5
1266,Valery,McCullogh,vmccullogh4l@sciencedirect.com,Female,78.193.11.81
1267,Lynnea,Coughan,lcoughan4m@techcrunch.com,Female,173.27.172.136
1268,Stefa,Eberz,seberz4n@blog.com,Female,214.138.222.241
1269,Billi,Cobbald,bcobbald4o@nydailynews.com,Bigender,181.9.136.185
1270,Pauli,Schofield,pschofield4p@homestead.com,Female,173.62.66.241
1271,Kalle,Sanney,ksanney4q@t.co,Male,243.243.231.242
1272,Bogart,Baggett,bbaggett4r@moonfruit.com,Male,170.63.242.178
1273,Debor,O'Flaverty,doflaverty4s@senate.gov,Female,7.164.92.123
1274,Eulalie,Fortune,efortune4t@businessinsider.com,Female,92.18.220.99
1275,Clint,Vasyutkin,cvasyutkin4u@si.edu,Male,157.143.207.87
1276,Amalia,Karlolczak,akarlolczak4v@shinystat.com,Female,84.4.239.244
1277,Tish,Minet,tminet4w@bravesites.com,Female,126.9.191.216
1278,Mariquilla,Braim,mbraim4x@seesaa.net,Female,216.56.205.158
1279,Elise,Ricca,ericca4y@livejournal.com,Female,225.235.87.21
1280,Caye,Kincade,ckincade4z@guardian.co.uk,Female,200.39.168.237
1281,Glen,Piscopiello,gpiscopiello50@usda.gov,Male,149.216.114.117
1282,Hermione,Kepe,hkepe51@mozilla.org,Female,129.21.21.51
1283,Nerissa,Mitchelmore,nmitchelmore52@moonfruit.com,Female,162.19.5.112
1284,Donovan,Poleye,dpoleye53@sun.com,Male,235.77.9.86
1285,Findley,Lidierth,flidierth54@elpais.com,Male,71.143.163.89
1286,Irma,Gutteridge,igutteridge55@php.net,Female,86.219.202.233
1287,Arv,Garnall,agarnall56@youtube.com,Agender,139.74.121.33
1288,Elsbeth,Haseman,ehaseman57@alexa.com,Female,37.127.98.180
1289,Thaddus,Enrique,tenrique58@symantec.com,Male,157.228.109.0
1290,Terri,Ezzy,tezzy59@nytimes.com,Genderqueer,195.82.78.73
1291,Alyse,MacSkeaghan,amacskeaghan5a@lulu.com,Female,195.92.104.104
1292,Caye,Matityahu,cmatityahu5b@blogs.com,Female,18.169.34.159
1293,Arie,Frisby,afrisby5c@amazon.co.jp,Male,180.235.204.129
1294,Corrinne,Reinert,creinert5d@studiopress.com,Female,84.206.50.51
1295,Gabriel,Bloxholm,gbloxholm5e@icio.us,Male,109.152.178.50
1296,Will,Gilhool,wgilhool5f@wired.com,Male,84.88.188.236
1297,Cairistiona,Jakubovicz,cjakubovicz5g@kickstarter.com,Female,88.231.239.214
1298,Chaim,Sollis,csollis5h@naver.com,Non-binary,107.0.21.24
1299,Marinna,Lodemann,mlodemann5i@un.org,Female,172.245.198.23
1300,Liv,Scoble,lscoble5j@hubpages.com,Female,110.94.33.116
1301,Ronalda,Gritskov,rgritskov5k@columbia.edu,Female,75.22.3.54
1302,Angelica,Ead,aead5l@usnews.com,Female,81.242.51.160
1303,Gav,Guidera,gguidera5m@addthis.com,Male,91.156.205.109
1304,Cassandre,Macias,cmacias5n@cmu.edu,Female,211.162.73.55
1305,Gran,Miroy,gmiroy5o@europa.eu,Male,34.164.151.175
1306,Clay,Yurivtsev,cyurivtsev5p@amazon.de,Male,4.166.33.115
1307,Glenn,Somers,gsomers5q@cafepress.com,Male,253.254.208.113
1308,Austen,Limpertz,alimpertz5r@homestead.com,Male,233.219.160.33
1309,Rowan,McMonnies,rmcmonnies5s@dailymail.co.uk,Male,79.50.184.9
1310,Krista,Blacksland,kblacksland5t@google.ru,Female,44.43.111.232
1311,Virge,Souley,vsouley5u@wunderground.com,Male,41.166.175.203
1312,Dominica,O'Corren,docorren5v@bloomberg.com,Female,19.72.224.66
1313,Allie,Cominoli,acominoli5w@google.es,Male,78.113.13.157
1314,Jule,Omand,jomand5x@state.tx.us,Male,190.46.4.161
1315,Danyelle,Redbourn,dredbourn5y@hhs.gov,Female,84.160.112.164
1316,Bert,Funcheon,bfuncheon5z@google.es,Male,141.162.237.18
1317,Sibylla,Vergo,svergo60@goodreads.com,Female,108.248.244.29
1318,Sandi,Chetwynd,schetwynd61@alexa.com,Female,17.55.10.127
1319,Cherye,Twopenny,ctwopenny62@epa.gov,Female,94.188.2.2
1320,Stafford,Slide,sslide63@uiuc.edu,Male,185.32.62.82
1321,Trudey,Cosgrave,tcosgrave64@theglobeandmail.com,Female,41.46.210.233
1322,Falkner,Barwick,fbarwick65@typepad.com,Male,19.43.202.1
1323,Vachel,Anthoney,vanthoney66@businessinsider.com,Male,15.201.7.74
1324,Erie,Sinnat,esinnat67@arizona.edu,Male,69.105.191.204
1325,Jonas,Fallows,jfallows68@mapquest.com,Polygender,184.121.149.202
1326,Bourke,Bustard,bbustard69@quantcast.com,Male,234.106.96.195
1327,Gaynor,Kirman,gkirman6a@nbcnews.com,Female,78.173.114.193
1328,Gertrudis,Hubbis,ghubbis6b@clickbank.net,Female,205.127.65.44
1329,Nathalie,Hawe,nhawe6c@hhs.gov,Female,15.163.226.145
1330,Aleen,Edlyn,aedlyn6d@simplemachines.org,Female,192.244.161.191
1331,Isac,Dumphries,idumphries6e@miibeian.gov.cn,Male,219.220.135.195
1332,Vinita,Fancutt,vfancutt6f@is.gd,Female,220.54.59.195
1333,Sharon,Le Breton,slebreton6g@godaddy.com,Female,127.83.192.145
1334,Shantee,Mc Caughan,smccaughan6h@reuters.com,Female,181.145.94.124
1335,Tull,Geeritz,tgeeritz6i@ycombinator.com,Male,94.134.221.89
1336,Trstram,Goathrop,tgoathrop6j@seesaa.net,Male,16.89.191.248
1337,Karylin,Hacquel,khacquel6k@tuttocitta.it,Polygender,16.222.87.194
1338,Carlene,Lober,clober6l@marketwatch.com,Female,163.164.121.12
1339,Hyman,Cornall,hcornall6m@arstechnica.com,Male,230.150.51.148
1340,Yasmeen,Foulser,yfoulser6n@theglobeandmail.com,Female,48.1.203.50
1341,Munroe,Halsey,mhalsey6o@instagram.com,Male,206.193.233.226
1342,Nickolas,Merali,nmerali6p@mysql.com,Male,48.122.124.65
1343,Jarrid,Blindermann,jblindermann6q@dedecms.com,Male,20.115.97.199
1344,Aube,Dinsmore,adinsmore6r@adobe.com,Male,177.36.205.141
1345,Abeu,Guiduzzi,aguiduzzi6s@techcrunch.com,Male,104.103.60.221
1346,Alva,Soutar,asoutar6t@nytimes.com,Male,1.182.217.150
1347,Noll,Baszkiewicz,nbaszkiewicz6u@berkeley.edu,Male,143.13.36.127
1348,Humberto,Jahner,hjahner6v@geocities.jp,Male,224.100.62.255
1349,Callean,Hinckley,chinckley6w@springer.com,Male,58.11.208.65
1350,Ronald,Karpets,rkarpets6x@tuttocitta.it,Male,94.26.180.43
1351,Hermina,Olechnowicz,holechnowicz6y@hubpages.com,Female,4.228.156.136
1352,Aguie,Stogill,astogill6z@mapy.cz,Male,227.9.186.135
1353,Malva,Giacopini,mgiacopini70@skype.com,Female,185.111.39.2
1354,Lori,Shine,lshine71@ucla.edu,Female,127.212.9.25
1355,Blakelee,Pickvance,bpickvance72@sun.com,Female,220.116.69.116
1356,Harland,Kobierzycki,hkobierzycki73@opera.com,Male,97.199.145.226
1357,Almire,Gosnall,agosnall74@themeforest.net,Female,220.119.154.246
1358,Terza,Abyss,tabyss75@chron.com,Female,178.91.147.193
1359,Price,Staunton,pstaunton76@chicagotribune.com,Male,237.181.188.17
1360,Clem,Piddlehinton,cpiddlehinton77@utexas.edu,Male,190.59.202.1
1361,Reidar,Hayle,rhayle78@1und1.de,Male,201.165.4.22
1362,Carmen,Freddi,cfreddi79@globo.com,Female,71.59.84.18
1363,Pat,Gruczka,pgruczka7a@sphinn.com,Male,241.80.44.250
1364,Lemmie,Dansken,ldansken7b@ifeng.com,Male,10.199.249.156
1365,Enos,Siward,esiward7c@unc.edu,Male,220.146.69.198
1366,Rebekah,Rallinshaw,rrallinshaw7d@answers.com,Female,39.8.45.222
1367,Anjanette,Ryland,aryland7e@noaa.gov,Female,183.41.188.13
1368,Liva,Hallgate,lhallgate7f@state.gov,Female,52.5.253.172
1369,Lyn,D'Orsay,ldorsay7g@dion.ne.jp,Male,96.160.50.202
1370,Dilan,Frane,dfrane7h@reference.com,Male,121.68.104.27
1371,Rickie,Seares,rseares7i@1688.com,Female,172.27.42.102
1372,Hettie,Tysack,htysack7j@cbsnews.com,Female,70.169.144.92
1373,Rollin,Murby,rmurby7k@digg.com,Male,75.166.98.206
1374,Harman,Huckerby,hhuckerby7l@msu.edu,Male,202.143.51.160
1375,Mead,Donoher,mdonoher7m@ning.com,Non-binary,60.182.236.247
1376,Jerry,Daber,jdaber7n@issuu.com,Female,57.14.51.186
1377,Merna,Peat,mpeat7o@ow.ly,Female,175.163.245.229
1378,Tessi,Hourigan,thourigan7p@com.com,Female,50.243.55.140
1379,Alvinia,Gamell,agamell7q@51.la,Female,226.244.210.154
1380,Cortney,O'Carrol,cocarrol7r@indiegogo.com,Female,137.59.49.105
1381,Arman,Pettipher,apettipher7s@nba.com,Male,239.3.245.75
1382,Latia,Critoph,lcritoph7t@wix.com,Female,103.171.98.30
1383,Dacie,Esland,desland7u@time.com,Female,54.120.79.93
1384,Laura,Bicheno,lbicheno7v@eventbrite.com,Female,88.144.179.55
1385,Mamie,Boyland,mboyland7w@symantec.com,Female,35.197.229.241
1386,Zahara,Asker,zasker7x@pinterest.com,Female,233.46.155.62
1387,Mariel,Sturman,msturman7y@weibo.com,Female,223.104.108.6
1388,Kip,Tupper,ktupper7z@netscape.com,Female,137.189.44.155
1389,Dal,Dunstone,ddunstone80@cbsnews.com,Male,1.227.42.141
1390,Kirstin,Yakobowitch,kyakobowitch81@timesonline.co.uk,Female,172.159.47.209
1391,Kristoforo,De Simone,kdesimone82@nps.gov,Male,100.96.251.175
1392,Dulcine,Chinge de Hals,dchingedehals83@cdc.gov,Female,128.222.71.168
1393,Thaine,Laight,tlaight84@ovh.net,Male,96.193.221.37
1394,Rebe,Rook,rrook85@gmpg.org,Female,143.217.171.176
1395,Anabelle,Roswarn,aroswarn86@nps.gov,Female,187.108.219.208
1396,Priscella,Genery,pgenery87@pbs.org,Female,182.167.4.136
1397,Karoly,Maas,kmaas88@jimdo.com,Female,173.76.153.160
1398,Franzen,Poundford,fpoundford89@blog.com,Male,252.14.44.158
1399,Tally,Bebis,tbebis8a@mozilla.org,Male,15.28.204.220
1400,Dougy,Diss,ddiss8b@accuweather.com,Male,230.176.249.89
1401,Lishe,Claxson,lclaxson8c@chronoengine.com,Female,219.38.196.177
1402,Carter,Grabham,cgrabham8d@hatena.ne.jp,Male,120.108.5.184
1403,Sharona,Bartolomeazzi,sbartolomeazzi8e@tiny.cc,Female,54.118.218.221
1404,Roana,Iwanowski,riwanowski8f@cdbaby.com,Female,113.178.170.71
1405,Lorianna,Gilberthorpe,lgilberthorpe8g@ftc.gov,Female,242.171.107.66
1406,Ramona,Pendell,rpendell8h@over-blog.com,Female,48.123.32.174
1407,Polly,Briars,pbriars8i@trellian.com,Female,134.35.76.15
1408,Alyda,Boyce,aboyce8j@g.co,Female,103.37.136.104
1409,Conant,De Caroli,cdecaroli8k@paypal.com,Genderfluid,55.132.245.73
1410,Jemie,Catherall,jcatherall8l@ucoz.ru,Female,49.84.247.136
1411,Morgan,Tedridge,mtedridge8m@patch.com,Female,157.0.249.72
1412,Gwenni,Marcq,gmarcq8n@wunderground.com,Female,92.81.204.188
1413,Evita,Von Der Empten,evonderempten8o@ted.com,Non-binary,141.21.232.231
1414,Yoshi,Plenderleith,yplenderleith8p@barnesandnoble.com,Bigender,169.119.138.91
1415,Jehanna,Logan,jlogan8q@bbb.org,Female,143.47.146.133
1416,Tyson,Poltone,tpoltone8r@home.pl,Male,197.199.177.242
1417,Toiboid,Wyldbore,twyldbore8s@exblog.jp,Male,36.199.100.91
1418,Theobald,Gronw,tgronw8t@imdb.com,Male,158.240.195.40
1419,Carney,Matthieson,cmatthieson8u@weibo.com,Male,219.160.72.243
1420,Rachele,Garnett,rgarnett8v@sun.com,Female,188.74.100.244
1421,Kenton,Jakuszewski,kjakuszewski8w@desdev.cn,Male,113.69.17.117
1422,Germaine,Best,gbest8x@alibaba.com,Female,172.91.36.120
1423,Bond,Dovydenas,bdovydenas8y@cpanel.net,Male,28.29.109.254
1424,Jilli,Villaret,jvillaret8z@home.pl,Female,13.150.20.121
1425,Nan,Enriques,nenriques90@instagram.com,Female,195.28.114.194
1426,Artemis,Elsmore,aelsmore91@blogspot.com,Male,210.253.188.179
1427,Ignacio,Millin,imillin92@techcrunch.com,Male,244.145.206.68
1428,Alf,Blemings,ablemings93@slate.com,Male,248.212.201.52
1429,Karney,Ciric,kciric94@reverbnation.com,Male,31.121.18.17
1430,Franny,Bradforth,fbradforth95@bbc.co.uk,Male,92.10.162.206
1431,Nil,Haddick,nhaddick96@purevolume.com,Male,135.154.187.154
1432,Phoebe,Spillett,pspillett97@instagram.com,Female,3.139.227.148
1433,Rawley,Kelcher,rkelcher98@salon.com,Male,102.24.201.210
1434,Zandra,Yglesia,zyglesia99@webs.com,Female,161.228.125.45
1435,Niccolo,Lillford,nlillford9a@mozilla.org,Male,220.10.83.81
1436,Annabell,Bessom,abessom9b@cocolog-nifty.com,Female,3.101.223.10
1437,Devinne,Jerram,djerram9c@odnoklassniki.ru,Female,36.247.0.80
1438,Dolley,Quigg,dquigg9d@mail.ru,Female,176.118.185.98
1439,Alano,Chopy,achopy9e@sun.com,Male,160.73.120.106
1440,Halli,Clarae,hclarae9f@dailymotion.com,Non-binary,4.39.157.234
1441,Dasha,Goulbourn,dgoulbourn9g@vk.com,Female,215.226.127.73
1442,Eleanor,Maylin,emaylin9h@theatlantic.com,Non-binary,89.156.71.204
1443,Teena,Clews,tclews9i@netvibes.com,Female,219.119.52.140
1444,Xerxes,Sherlock,xsherlock9j@sfgate.com,Male,192.31.138.174
1445,Virgil,Colliver,vcolliver9k@diigo.com,Male,173.199.255.17
1446,Alastair,Neads,aneads9l@usatoday.com,Male,101.27.88.40
1447,Eryn,Oakhill,eoakhill9m@opensource.org,Bigender,137.116.180.163
1448,Pryce,Towle,ptowle9n@yahoo.com,Male,44.26.235.89
1449,Enrique,Ambrozewicz,eambrozewicz9o@latimes.com,Male,60.124.157.58
1450,Karoline,Brophy,kbrophy9p@telegraph.co.uk,Female,180.213.179.179
1451,Ferguson,Beagin,fbeagin9q@baidu.com,Male,39.225.223.42
1452,Barnaby,Lampitt,blampitt9r@friendfeed.com,Male,184.215.46.136
1453,Brianne,Privost,bprivost9s@aboutads.info,Female,68.116.131.157
1454,Lockwood,Papworth,lpapworth9t@thetimes.co.uk,Male,236.54.202.143
1455,Ilse,Fone,ifone9u@com.com,Female,175.110.229.42
1456,Jenifer,Lodemann,jlodemann9v@cloudflare.com,Female,194.160.167.91
1457,Leisha,Makey,lmakey9w@qq.com,Female,170.98.209.247
1458,Elsy,Bedome,ebedome9x@bbb.org,Female,28.154.58.143
1459,Caitlin,Masic,cmasic9y@purevolume.com,Female,49.217.82.73
1460,Stanislaw,Potteridge,spotteridge9z@google.ca,Male,90.63.128.55
1461,Ulrike,Gravenell,ugravenella0@booking.com,Female,8.91.90.144
1462,Anett,Corkel,acorkela1@ucsd.edu,Female,8.25.248.13
1463,Maighdiln,Kubach,mkubacha2@intel.com,Agender,41.39.123.187
1464,Rhys,Goodanew,rgoodanewa3@constantcontact.com,Male,0.245.26.196
1465,Kingsly,Gravestone,kgravestonea4@tuttocitta.it,Male,214.175.223.29
1466,Markus,Grossman,mgrossmana5@1und1.de,Male,149.24.106.32
1467,Davide,Jina,djinaa6@wisc.edu,Male,92.108.211.12
1468,Marcellus,Rowles,mrowlesa7@geocities.com,Male,229.147.119.7
1469,Rora,Baptie,rbaptiea8@quantcast.com,Female,142.235.107.149
1470,Clemmy,Amberg,camberga9@godaddy.com,Female,99.141.16.99
1471,Karna,Bariball,kbariballaa@scientificamerican.com,Female,253.135.97.53
1472,Wanids,Daid,wdaidab@smh.com.au,Female,23.196.152.147
1473,Petronella,Fabbro,pfabbroac@yelp.com,Bigender,160.193.119.145
1474,Morry,Taggett,mtaggettad@indiatimes.com,Male,40.129.108.96
1475,Sherye,Rookwell,srookwellae@ucoz.ru,Female,182.238.60.239
1476,Ryun,Baitman,rbaitmanaf@goodreads.com,Male,141.216.170.62
1477,Katlin,Kendrick,kkendrickag@so-net.ne.jp,Female,135.209.188.50
1478,Paulo,Maldin,pmaldinah@ifeng.com,Male,26.26.24.189
1479,Salomo,Kimblin,skimblinai@adobe.com,Male,222.61.91.179
1480,Ivor,Gilfillan,igilfillanaj@devhub.com,Male,40.132.26.2
1481,Keene,Birkwood,kbirkwoodak@apache.org,Male,82.193.117.160
1482,Faber,Thain,fthainal@usda.gov,Male,186.1.28.153
1483,Mavis,Gherardesci,mgherardesciam@stanford.edu,Female,73.140.37.146
1484,Dasya,Oglevie,dogleviean@posterous.com,Non-binary,95.159.136.135
1485,Allie,McJarrow,amcjarrowao@boston.com,Male,249.130.70.154
1486,Bud,Fray,bfrayap@epa.gov,Male,203.45.205.82
1487,Debbi,Daly,ddalyaq@archive.org,Female,30.158.119.194
1488,Gaile,Mayworth,gmayworthar@amazonaws.com,Male,209.227.111.127
1489,Corinne,Novakovic,cnovakovicas@t-online.de,Female,159.169.185.137
1490,Shanta,Tapp,stappat@infoseek.co.jp,Female,32.153.82.190
1491,Wanda,Splain,wsplainau@economist.com,Female,243.230.33.185
1492,Breanne,Vipan,bvipanav@sbwire.com,Female,72.10.213.92
1493,Ardyth,Gotecliffe,agotecliffeaw@nih.gov,Female,100.201.17.153
1494,Perry,Rawlin,prawlinax@bing.com,Male,193.63.101.48
1495,Pammie,Isaac,pisaacay@youtu.be,Female,79.166.226.105
1496,Cori,Northidge,cnorthidgeaz@de.vu,Polygender,103.45.34.149
1497,Morton,Jovis,mjovisb0@omniture.com,Male,226.64.216.194
1498,Doreen,Foakes,dfoakesb1@walmart.com,Female,118.73.220.215
1499,Tabb,Sterman,tstermanb2@about.com,Male,65.87.84.0
1500,Bud,Meriet,bmerietb3@addthis.com,Male,132.164.33.237
1501,Sigfried,Ondricek,sondricekb4@moonfruit.com,Male,112.70.240.12
1502,Jacky,McLaggan,jmclagganb5@homestead.com,Male,201.119.228.85
1503,Evita,Karpinski,ekarpinskib6@sogou.com,Female,71.69.145.133
1504,Wood,Brewster,wbrewsterb7@wikispaces.com,Male,107.140.30.113
1505,Bastian,Antonacci,bantonaccib8@uol.com.br,Male,211.136.111.102
1506,Joly,Lovejoy,jlovejoyb9@youku.com,Female,177.90.188.203
1507,Anetta,Marritt,amarrittba@tinypic.com,Female,166.209.57.38
1508,Bambi,Timmons,btimmonsbb@xinhuanet.com,Female,247.171.203.0
1509,Chiquita,Curley,ccurleybc@shinystat.com,Female,97.20.183.238
1510,Thaddus,Ullock,tullockbd@cbsnews.com,Male,148.149.139.26
1511,Myranda,Chern,mchernbe@simplemachines.org,Female,44.120.116.45
1512,Star,Nesterov,snesterovbf@mashable.com,Female,254.45.64.27
1513,Lezley,Sidebottom,lsidebottombg@yolasite.com,Male,66.164.90.203
1514,Eda,Gainor,egainorbh@gravatar.com,Female,75.173.87.45
1515,Nadean,Philipeaux,nphilipeauxbi@thetimes.co.uk,Female,42.71.52.150
1516,Gunther,Loveman,glovemanbj@state.tx.us,Male,28.123.37.115
1517,Llywellyn,Pell,lpellbk@nih.gov,Male,190.87.99.50
1518,Marius,Ollander,mollanderbl@mapy.cz,Male,50.124.42.226
1519,Chrisy,Thacker,cthackerbm@prnewswire.com,Male,35.106.245.193
1520,Skell,Filyukov,sfilyukovbn@bbb.org,Male,33.90.201.162
1521,Marlo,Rixon,mrixonbo@nationalgeographic.com,Male,60.23.186.167
1522,Robinia,Dumblton,rdumbltonbp@a8.net,Female,226.250.24.139
1523,Yolanda,Beeble,ybeeblebq@dot.gov,Female,40.185.45.247
1524,Jobyna,Drewson,jdrewsonbr@ning.com,Female,223.125.216.62
1525,Manolo,Haugen,mhaugenbs@oracle.com,Genderqueer,125.14.48.3
1526,Aldon,Bennetto,abennettobt@fema.gov,Male,195.68.49.123
1527,Ashlin,Bento,abentobu@engadget.com,Male,223.117.50.255
1528,Rosy,Tsar,rtsarbv@ucla.edu,Female,11.51.182.0
1529,Tudor,Ginity,tginitybw@technorati.com,Male,36.192.209.51
1530,Lazare,Vaney,lvaneybx@apache.org,Male,250.188.236.177
1531,Domingo,Pilkinton,dpilkintonby@comsenz.com,Agender,202.214.54.2
1532,Konstanze,Rickford,krickfordbz@printfriendly.com,Female,118.20.110.245
1533,Crystal,Kingswoode,ckingswoodec0@boston.com,Female,50.187.29.219
1534,Biron,Ardling,bardlingc1@altervista.org,Male,103.16.162.20
1535,Rusty,Petyankin,rpetyankinc2@booking.com,Male,71.82.124.214
1536,Odessa,Morfett,omorfettc3@lulu.com,Female,83.186.101.244
1537,Courtney,Mercy,cmercyc4@hhs.gov,Genderqueer,104.150.120.134
1538,Jacques,Gerlack,jgerlackc5@4shared.com,Male,206.26.83.44
1539,Jens,Petschel,jpetschelc6@spotify.com,Male,204.163.86.19
1540,Juanita,Horsewood,jhorsewoodc7@pcworld.com,Female,104.179.28.27
1541,Daren,Coulston,dcoulstonc8@liveinternet.ru,Male,7.9.93.105
1542,Sigfrid,Northwood,snorthwoodc9@deliciousdays.com,Male,74.98.168.179
1543,Sheffie,Tattam,stattamca@spiegel.de,Male,51.222.73.86
1544,Diarmid,Thorrington,dthorringtoncb@bizjournals.com,Male,228.108.90.231
1545,Reinhold,Stirman,rstirmancc@hibu.com,Male,178.72.246.97
1546,Merell,Thornham,mthornhamcd@xrea.com,Male,161.195.160.132
1547,Dom,O'Kinneally,dokinneallyce@plala.or.jp,Bigender,190.243.204.10
1548,Berton,Gynne,bgynnecf@dion.ne.jp,Male,218.175.139.60
1549,Ravi,Willan,rwillancg@nyu.edu,Male,193.118.26.79
1550,Sandra,Jacke,sjackech@elegantthemes.com,Genderfluid,72.105.49.209
1551,Deidre,Fillingham,dfillinghamci@netvibes.com,Female,190.15.168.50
1552,Sargent,Huws,shuwscj@foxnews.com,Male,14.80.152.43
1553,Barbey,Etter,betterck@jalbum.net,Female,163.248.59.106
1554,Fay,Backman,fbackmancl@wufoo.com,Female,169.162.141.94
1555,Jorrie,Lunck,jlunckcm@mac.com,Genderqueer,210.88.122.138
1556,Minna,Jakubovitch,mjakubovitchcn@noaa.gov,Female,128.132.42.250
1557,Marsha,Adamini,madaminico@whitehouse.gov,Polygender,84.182.65.215
1558,Ingar,Poppleston,ipopplestoncp@ameblo.jp,Male,175.207.222.158
1559,Carmelina,Hedney,chedneycq@icio.us,Female,216.213.44.78
1560,Hannis,Dugan,hdugancr@sourceforge.net,Female,118.150.106.106
1561,Isadore,Gaukrodge,igaukrodgecs@hexun.com,Male,239.120.160.122
1562,Shurlocke,Biss,sbissct@mtv.com,Male,3.183.220.216
1563,Regine,McReynolds,rmcreynoldscu@behance.net,Female,112.156.42.212
1564,Jonathon,Kemmey,jkemmeycv@theatlantic.com,Male,215.104.83.41
1565,Clemente,Nunson,cnunsoncw@freewebs.com,Male,208.196.237.79
1566,Barbi,Heister,bheistercx@mapquest.com,Female,217.29.146.110
1567,Rodina,Barter,rbartercy@ibm.com,Female,15.7.17.242
1568,Gennie,Bastable,gbastablecz@si.edu,Female,95.118.218.25
1569,Adrianne,Swalough,aswaloughd0@fotki.com,Female,255.229.195.11
1570,Aymer,Islip,aislipd1@google.com.br,Male,232.14.38.231
1571,Florry,Askin,faskind2@wikimedia.org,Female,55.77.189.117
1572,Candra,Salery,csaleryd3@moonfruit.com,Female,3.44.46.62
1573,Friederike,Landre,flandred4@addtoany.com,Female,59.159.23.209
1574,Kyle,Benkin,kbenkind5@dmoz.org,Male,228.46.57.107
1575,Dud,Samsin,dsamsind6@friendfeed.com,Male,130.243.102.139
1576,Becky,Bezley,bbezleyd7@patch.com,Female,124.112.130.168
1577,Dalt,Emmott,demmottd8@myspace.com,Male,241.45.199.128
1578,Eugenie,Emby,eembyd9@jimdo.com,Polygender,240.173.142.134
1579,Annalee,Dencs,adencsda@webnode.com,Female,205.37.13.60
1580,Fiorenze,Almeida,falmeidadb@sphinn.com,Female,106.54.67.73
1581,Tremaine,Rew,trewdc@amazon.de,Male,68.111.21.61
1582,Bink,Ivantsov,bivantsovdd@timesonline.co.uk,Male,225.139.124.78
1583,Alvan,Dillamore,adillamorede@quantcast.com,Male,180.213.169.18
1584,Clara,Brockton,cbrocktondf@icio.us,Female,123.146.50.177
1585,Virgie,Edbrooke,vedbrookedg@vk.com,Male,173.142.192.64
1586,Francklyn,Hazle,fhazledh@gnu.org,Male,198.224.141.73
1587,Ceciley,Scanlin,cscanlindi@g.co,Female,136.229.213.148
1588,Trumaine,Driver,tdriverdj@businessinsider.com,Male,19.248.86.196
1589,Berry,Meiklem,bmeiklemdk@omniture.com,Female,52.243.178.110
1590,Leshia,Donnellan,ldonnellandl@newyorker.com,Female,66.250.192.51
1591,Rickie,Stienton,rstientondm@apache.org,Female,125.43.24.241
1592,Faber,La Rosa,flarosadn@is.gd,Male,247.187.253.240
1593,Nickola,Aris,narisdo@networksolutions.com,Male,33.137.125.39
1594,Anatole,Hartup,ahartupdp@sphinn.com,Male,156.72.114.28
1595,Saunders,Crame,scramedq@sourceforge.net,Male,212.197.182.251
1596,Thebault,Nawton,tnawtondr@mac.com,Male,59.46.170.240
1597,Merilee,Pococke,mpocockeds@independent.co.uk,Female,93.62.23.218
1598,Lorianna,Marcome,lmarcomedt@hhs.gov,Female,198.247.251.199
1599,Tracey,Harbach,tharbachdu@walmart.com,Female,105.87.219.180
1600,Yorgos,Somerbell,ysomerbelldv@amazon.com,Male,197.226.48.28
1601,Timoteo,Clewlowe,tclewlowedw@yahoo.com,Male,148.36.68.18
1602,Rubie,Burgoine,rburgoinedx@admin.ch,Female,192.227.196.174
1603,Darrin,Gleadle,dgleadledy@bizjournals.com,Male,220.61.185.216
1604,Griffie,Tooth,gtoothdz@businesswire.com,Male,151.89.240.67
1605,Karyl,Nussey,knusseye0@ifeng.com,Female,108.142.146.47
1606,Bealle,Starcks,bstarckse1@mozilla.org,Male,132.108.244.243
1607,Cristian,Tuft,ctufte2@sakura.ne.jp,Male,251.159.89.50
1608,Hamlen,Schoales,hschoalese3@pagesperso-orange.fr,Male,165.156.86.148
1609,Rosemonde,Prodrick,rprodricke4@etsy.com,Female,98.89.175.93
1610,Anitra,Scryne,ascrynee5@dot.gov,Female,81.154.204.146
1611,Judi,Bogaert,jbogaerte6@toplist.cz,Female,254.233.166.119
1612,Israel,Lempertz,ilempertze7@i2i.jp,Male,179.67.19.254
1613,Isa,Dodding,idoddinge8@bigcartel.com,Male,39.166.174.170
1614,Colver,Crees,ccreese9@cloudflare.com,Male,147.143.235.67
1615,Kevin,Venables,kvenablesea@slideshare.net,Male,77.74.234.186
1616,Ruperto,Toop,rtoopeb@eepurl.com,Male,190.13.149.119
1617,Seumas,Ponceford,sponcefordec@salon.com,Male,129.212.67.214
1618,Clem,McGawn,cmcgawned@gizmodo.com,Male,120.243.144.220
1619,Pate,Skingle,pskingleee@storify.com,Male,246.79.75.97
1620,Leonard,Glanville,lglanvilleef@columbia.edu,Polygender,22.116.38.196
1621,Tiffany,Karlsson,tkarlssoneg@naver.com,Female,218.238.80.198
1622,Chas,Glading,cgladingeh@delicious.com,Bigender,175.196.246.42
1623,Phaidra,Happer,phapperei@jimdo.com,Female,57.134.112.187
1624,Ambur,Quibell,aquibellej@cyberchimps.com,Agender,31.127.40.140
1625,Dot,Ormond,dormondek@hexun.com,Female,22.18.45.151
1626,Meade,Hayes,mhayesel@amazon.co.jp,Female,160.56.250.159
1627,Cobbie,Sarll,csarllem@google.ru,Male,111.196.165.118
1628,Fletcher,Deex,fdeexen@dion.ne.jp,Male,226.53.160.190
1629,Estella,Clues,eclueseo@rambler.ru,Female,90.88.202.87
1630,Ingamar,Glanester,iglanesterep@java.com,Male,86.18.215.147
1631,Pepi,Adame,padameeq@mit.edu,Female,3.236.40.230
1632,Dominic,Applewhite,dapplewhiteer@biblegateway.com,Male,192.203.18.42
1633,Rachel,Perel,rpereles@gizmodo.com,Non-binary,3.43.173.230
1634,Jerrine,Lofty,jloftyet@sfgate.com,Female,60.200.142.208
1635,Frannie,Downton,fdowntoneu@dailymotion.com,Male,123.70.208.15
1636,Giselbert,Pallesen,gpallesenev@deviantart.com,Male,103.136.122.242
1637,Noella,Brammall,nbrammallew@wordpress.com,Female,72.206.116.37
1638,Rodolph,McClory,rmccloryex@cargocollective.com,Male,42.1.192.116
1639,Ellie,Snaddin,esnaddiney@jiathis.com,Female,204.69.5.159
1640,Dimitry,Kiely,dkielyez@unc.edu,Male,79.154.143.79
1641,Jecho,Baudouin,jbaudouinf0@mail.ru,Male,118.55.223.110
1642,Keeley,Morsey,kmorseyf1@engadget.com,Female,45.161.93.189
1643,Cinda,Shovlin,cshovlinf2@vinaora.com,Female,201.15.158.66
1644,Malissia,Svanetti,msvanettif3@lycos.com,Female,148.22.246.252
1645,Orelia,Le Port,oleportf4@shop-pro.jp,Female,47.152.18.157
1646,Glynda,Scheffel,gscheffelf5@un.org,Female,227.148.18.101
1647,Burtie,Jubb,bjubbf6@cpanel.net,Bigender,154.158.71.36
1648,Benjy,Vickers,bvickersf7@newyorker.com,Male,58.254.169.163
1649,Granny,Elverstone,gelverstonef8@ebay.co.uk,Male,16.5.47.53
1650,Gilburt,Hazeldene,ghazeldenef9@businessweek.com,Male,179.12.56.191
1651,Freeman,Buffham,fbuffhamfa@wikia.com,Male,44.228.180.52
1652,Malvina,Andri,mandrifb@comcast.net,Genderfluid,75.160.150.129
1653,Anestassia,Fraulo,afraulofc@google.com.br,Female,6.204.77.134
1654,Gerda,Figge,gfiggefd@patch.com,Female,55.218.11.32
1655,Fran,Alman,falmanfe@usatoday.com,Female,13.224.7.223
1656,Barnett,Nissle,bnissleff@baidu.com,Male,225.103.41.119
1657,Lane,McClifferty,lmccliffertyfg@123-reg.co.uk,Male,27.14.222.71
1658,Cordell,Goulder,cgoulderfh@ycombinator.com,Male,105.94.39.101
1659,Velvet,Dalliwatr,vdalliwatrfi@netlog.com,Female,4.24.150.198
1660,Trent,Dooher,tdooherfj@bigcartel.com,Male,169.38.206.253
1661,Hilary,Wissby,hwissbyfk@tripod.com,Bigender,147.236.43.54
1662,Gibby,Loadwick,gloadwickfl@sfgate.com,Polygender,240.22.134.172
1663,Natasha,Bousler,nbouslerfm@aboutads.info,Female,216.131.99.50
1664,Dar,Pressland,dpresslandfn@wikispaces.com,Male,120.36.132.248
1665,Trev,Casserly,tcasserlyfo@un.org,Male,185.221.93.84
1666,Cathe,Moine,cmoinefp@about.me,Female,125.237.66.87
1667,Marline,Leheude,mleheudefq@msu.edu,Female,37.77.243.203
1668,Feodor,Robard,frobardfr@wsj.com,Male,121.10.59.100
1669,Aigneis,Sheen,asheenfs@naver.com,Female,95.147.135.102
1670,Celestina,Szwarc,cszwarcft@discovery.com,Female,61.85.206.67
1671,Annamaria,Sandbrook,asandbrookfu@intel.com,Polygender,82.53.238.192
1672,Jarrad,Kubat,jkubatfv@aol.com,Male,252.239.209.13
1673,Archie,Bottinelli,abottinellifw@so-net.ne.jp,Male,128.40.199.46
1674,Raynor,Sullly,rsulllyfx@alibaba.com,Male,171.140.138.16
1675,Clarissa,Rock,crockfy@bing.com,Female,203.252.195.140
1676,Jacquie,Dooler,jdoolerfz@census.gov,Female,167.185.15.189
1677,Nanci,Vennart,nvennartg0@soundcloud.com,Female,218.152.48.237
1678,Adriaens,Robion,arobiong1@salon.com,Female,146.138.1.29
1679,Yankee,Beahan,ybeahang2@npr.org,Male,124.96.82.177
1680,Petronia,MacCallester,pmaccallesterg3@phoca.cz,Female,57.241.142.220
1681,Janette,Kingsnorth,jkingsnorthg4@aol.com,Female,204.54.34.123
1682,Towny,Tindall,ttindallg5@sphinn.com,Agender,250.100.249.142
1683,Hailee,Martignon,hmartignong6@wikipedia.org,Female,175.117.44.177
1684,Kasey,Cannell,kcannellg7@artisteer.com,Female,181.205.67.249
1685,Tirrell,Onion,toniong8@microsoft.com,Bigender,10.108.55.87
1686,Baudoin,Jerdon,bjerdong9@economist.com,Male,71.15.134.236
1687,Llywellyn,June,ljunega@mail.ru,Male,38.95.138.215
1688,Packston,Waller,pwallergb@wordpress.com,Male,248.251.186.35
1689,Larina,Ortelt,lorteltgc@list-manage.com,Female,185.169.214.49
1690,Caspar,Lawerence,clawerencegd@symantec.com,Male,32.108.15.139
1691,Lissa,Amor,lamorge@techcrunch.com,Female,139.3.2.13
1692,Clem,Lathee,clatheegf@diigo.com,Female,71.32.31.216
1693,Felisha,German,fgermangg@pen.io,Genderfluid,195.71.112.44
1694,Allen,Colleran,acollerangh@plala.or.jp,Male,151.247.90.168
1695,Malissia,Aikin,maikingi@edublogs.org,Female,98.175.217.166
1696,Gasparo,Bulcock,gbulcockgj@biblegateway.com,Male,117.99.134.115
1697,Opal,Francillo,ofrancillogk@google.co.jp,Female,11.249.144.197
1698,Stevana,O'Lunny,solunnygl@shop-pro.jp,Female,161.5.174.43
1699,Matthaeus,Grumell,mgrumellgm@japanpost.jp,Male,170.206.72.27
1700,Raina,McKeand,rmckeandgn@sakura.ne.jp,Female,21.142.47.212
1701,Ker,Kiehnlt,kkiehnltgo@printfriendly.com,Male,36.139.230.188
1702,Chrisy,Houtbie,choutbiegp@taobao.com,Male,251.46.202.193
1703,Joline,Swendell,jswendellgq@businessweek.com,Female,111.227.111.112
1704,Hasty,Anlay,hanlaygr@networksolutions.com,Male,222.251.242.201
1705,Farra,Ivanets,fivanetsgs@jugem.jp,Female,53.22.5.73
1706,Deck,Janaway,djanawaygt@ed.gov,Male,14.55.108.19
1707,Kerr,Filipov,kfilipovgu@dropbox.com,Male,84.147.247.233
1708,Drake,Swindell,dswindellgv@cam.ac.uk,Male,60.172.247.5
1709,Nealson,Saker,nsakergw@ow.ly,Male,70.55.248.174
1710,Ellen,Probets,eprobetsgx@time.com,Female,244.166.74.236
1711,Howard,O'Fallone,hofallonegy@vinaora.com,Male,221.140.78.134
1712,Mannie,Catford,mcatfordgz@oaic.gov.au,Male,90.134.162.130
1713,Fleur,Blenkinsop,fblenkinsoph0@pagesperso-orange.fr,Agender,90.199.153.32
1714,Libby,Filoniere,lfiloniereh1@ebay.com,Female,171.197.72.114
1715,Jamie,Frith,jfrithh2@sakura.ne.jp,Female,184.205.12.242
1716,Terry,Ironmonger,tironmongerh3@rakuten.co.jp,Male,72.131.132.104
1717,Monica,Carlisso,mcarlissoh4@icio.us,Female,116.248.155.174
1718,Marybeth,Cove,mcoveh5@edublogs.org,Female,242.32.9.120
1719,Judah,Goschalk,jgoschalkh6@t-online.de,Male,247.3.71.159
1720,Deeann,Menauteau,dmenauteauh7@amazon.com,Female,114.98.211.225
1721,Willdon,Gyenes,wgyenesh8@aol.com,Male,110.87.93.41
1722,Allsun,Quayle,aquayleh9@canalblog.com,Female,178.153.251.118
1723,Bernhard,Mapstone,bmapstoneha@joomla.org,Genderfluid,158.142.107.44
1724,Victoria,Chifney,vchifneyhb@biglobe.ne.jp,Female,113.88.196.217
1725,Martainn,Fulger,mfulgerhc@wunderground.com,Male,240.127.224.119
1726,Stan,Pettitt,spettitthd@over-blog.com,Male,18.108.60.39
1727,Ambrose,Plumb,aplumbhe@wikispaces.com,Male,70.129.120.219
1728,Nance,Connue,nconnuehf@istockphoto.com,Female,200.157.104.142
1729,Rene,Alelsandrowicz,ralelsandrowiczhg@lulu.com,Female,53.152.128.168
1730,Alfi,Glanville,aglanvillehh@nytimes.com,Female,162.182.102.214
1731,Othello,Leal,olealhi@mtv.com,Male,53.137.15.34
1732,Malcolm,McEachern,mmceachernhj@baidu.com,Non-binary,32.216.217.87
1733,Davide,Friatt,dfriatthk@wunderground.com,Male,183.242.55.13
1734,Honey,Berkowitz,hberkowitzhl@weebly.com,Female,52.244.94.127
1735,Neal,Rodway,nrodwayhm@umn.edu,Agender,200.15.53.107
1736,David,Dunstone,ddunstonehn@privacy.gov.au,Male,44.215.216.227
1737,Chrissy,Mattecot,cmattecotho@elpais.com,Agender,209.176.73.67
1738,Stinky,Edgworth,sedgworthhp@unc.edu,Male,155.95.253.120
1739,Kaylyn,Sutcliff,ksutcliffhq@samsung.com,Female,145.223.203.163
1740,Jarad,Jerrome,jjerromehr@fotki.com,Male,138.24.126.213
1741,Maiga,Meakin,mmeakinhs@exblog.jp,Bigender,2.127.38.169
1742,Lorain,Jzak,ljzakht@oracle.com,Female,36.4.54.89
1743,Robinet,Inchan,rinchanhu@ebay.com,Male,230.126.173.49
1744,Giff,Judd,gjuddhv@woothemes.com,Male,147.97.173.138
1745,Marylee,Norridge,mnorridgehw@rambler.ru,Female,53.98.198.219
1746,Rachelle,Skellern,rskellernhx@psu.edu,Female,134.104.213.48
1747,June,Lacrouts,jlacroutshy@ihg.com,Female,80.96.236.218
1748,Hewet,Whiffin,hwhiffinhz@google.com,Male,159.99.139.69
1749,Mohammed,Keary,mkearyi0@cloudflare.com,Male,251.161.103.154
1750,Denney,Findlow,dfindlowi1@mayoclinic.com,Polygender,147.82.207.127
1751,Giulietta,Rableau,grableaui2@sbwire.com,Female,250.49.44.186
1752,Sheelah,Egginton,seggintoni3@naver.com,Female,67.98.104.195
1753,Cchaddie,Jeffes,cjeffesi4@studiopress.com,Male,91.180.51.252
1754,Germayne,Sympson,gsympsoni5@businessweek.com,Male,121.182.55.3
1755,Myrvyn,Badham,mbadhami6@bloomberg.com,Male,156.35.212.230
1756,Randy,Frankom,rfrankomi7@intel.com,Female,217.231.204.233
1757,Agretha,McMorland,amcmorlandi8@ezinearticles.com,Female,65.2.59.173
1758,Joya,Burker,jburkeri9@rakuten.co.jp,Female,126.31.95.28
1759,Prue,Surplice,psurpliceia@hostgator.com,Female,80.194.107.230
1760,Zsa zsa,Bickford,zbickfordib@lulu.com,Female,79.116.247.5
1761,Farrah,Chilvers,fchilversic@ftc.gov,Female,172.155.212.16
1762,Gizela,Candie,gcandieid@twitpic.com,Female,70.198.120.121
1763,Penni,Langwade,plangwadeie@xrea.com,Female,157.198.212.140
1764,Barb,Roakes,broakesif@hugedomains.com,Female,238.104.247.183
1765,Nikolia,Forsdike,nforsdikeig@jugem.jp,Female,114.233.11.252
1766,Denys,Goldring,dgoldringih@psu.edu,Female,151.122.13.109
1767,Hobard,Slator,hslatorii@list-manage.com,Male,10.85.152.131
1768,Stanton,Bidgood,sbidgoodij@google.it,Male,212.53.195.156
1769,Ira,Cockshoot,icockshootik@earthlink.net,Female,235.134.34.128
1770,Kendal,Pane,kpaneil@csmonitor.com,Male,114.177.155.96
1771,Reese,Alf,ralfim@eepurl.com,Male,202.223.45.31
1772,Leda,Rutley,lrutleyin@dot.gov,Female,140.171.227.203
1773,Tova,Derdes,tderdesio@dyndns.org,Female,211.219.100.143
1774,Elita,Wagen,ewagenip@delicious.com,Female,83.166.178.97
1775,Erinn,Maddock,emaddockiq@oakley.com,Female,131.12.163.7
1776,Pansie,Ryle,pryleir@hao123.com,Female,37.66.236.180
1777,Darby,Chatan,dchatanis@vinaora.com,Male,187.56.108.81
1778,Giraldo,Bulmer,gbulmerit@goo.gl,Male,13.211.88.58
1779,Huberto,Lapenna,hlapennaiu@ftc.gov,Male,53.88.85.222
1780,Tedie,Crinion,tcrinioniv@blogspot.com,Male,207.174.81.33
1781,Stella,Shorey,sshoreyiw@wordpress.com,Female,141.138.132.148
1782,Darcie,Harewood,dharewoodix@google.fr,Female,98.174.66.179
1783,Yorker,Follet,yfolletiy@biglobe.ne.jp,Male,210.217.141.116
1784,Leda,Menpes,lmenpesiz@livejournal.com,Polygender,253.26.63.251
1785,Sybyl,Patemore,spatemorej0@miibeian.gov.cn,Female,103.184.99.106
1786,Pennie,Aps,papsj1@1688.com,Male,179.183.2.9
1787,Gare,Adamoli,gadamolij2@booking.com,Male,124.208.49.150
1788,Antonio,Swainger,aswaingerj3@blogs.com,Male,226.83.97.232
1789,Hagen,Fairfull,hfairfullj4@youtu.be,Genderqueer,8.140.135.166
1790,Loree,Rosenbusch,lrosenbuschj5@unicef.org,Female,85.152.73.30
1791,Gabbie,Moden,gmodenj6@jalbum.net,Male,37.223.156.28
1792,Pren,Blevin,pblevinj7@boston.com,Male,4.89.248.240
1793,Teodor,O' Sullivan,tosullivanj8@pbs.org,Male,166.145.1.86
1794,Franny,Beathem,fbeathemj9@privacy.gov.au,Male,191.168.144.7
1795,Torey,Iacovuzzi,tiacovuzzija@dell.com,Male,197.177.220.237
1796,Nappy,Fendley,nfendleyjb@cornell.edu,Male,213.206.77.200
1797,Karlotta,Clive,kclivejc@vimeo.com,Female,158.162.86.168
1798,Alastair,Bolte,aboltejd@epa.gov,Male,86.73.118.28
1799,Desi,Loney,dloneyje@sphinn.com,Male,94.148.205.179
1800,Dominik,Bantock,dbantockjf@elpais.com,Male,5.225.119.153
1801,Dwayne,Cherry Holme,dcherryholmejg@aboutads.info,Male,98.46.117.2
1802,Moses,Glaze,mglazejh@princeton.edu,Male,210.84.249.94
1803,Wilmer,Blackaller,wblackallerji@dell.com,Male,220.74.28.74
1804,Care,Gemlett,cgemlettjj@redcross.org,Male,204.5.140.168
1805,Robert,Paramore,rparamorejk@uiuc.edu,Male,119.203.192.16
1806,Eliot,Tomlinson,etomlinsonjl@japanpost.jp,Male,218.37.6.140
1807,Hortense,Lofting,hloftingjm@ca.gov,Female,141.46.76.130
1808,Zebedee,Trowbridge,ztrowbridgejn@rakuten.co.jp,Male,30.34.164.91
1809,Hakim,Dell Casa,hdellcasajo@marriott.com,Male,33.104.122.7
1810,Kasper,Belvin,kbelvinjp@biblegateway.com,Male,229.11.113.168
1811,Alic,Gowry,agowryjq@acquirethisname.com,Male,181.173.207.91
1812,Allix,Randles,arandlesjr@edublogs.org,Female,58.188.160.187
1813,Tomi,Shew,tshewjs@discovery.com,Female,67.45.75.162
1814,Bruno,Postins,bpostinsjt@telegraph.co.uk,Male,57.82.244.165
1815,Dyann,Fey,dfeyju@mayoclinic.com,Female,5.129.227.68
1816,Giles,Crawley,gcrawleyjv@java.com,Male,31.57.170.222
1817,Leese,Skerman,lskermanjw@tripadvisor.com,Female,188.191.247.16
1818,Mordecai,Dillingstone,mdillingstonejx@1688.com,Male,43.213.140.106
1819,Gwenneth,Soffe,gsoffejy@nydailynews.com,Female,7.78.9.204
1820,Gaile,Scoyles,gscoylesjz@home.pl,Male,1.74.86.148
1821,Barbee,Mahaffey,bmahaffeyk0@myspace.com,Female,227.96.220.49
1822,Lolly,Trevaskis,ltrevaskisk1@uiuc.edu,Female,234.15.109.207
1823,Rosina,Franzel,rfranzelk2@usnews.com,Female,18.177.46.58
1824,Skell,Mallinder,smallinderk3@reverbnation.com,Male,208.8.145.248
1825,Latia,De Benedetti,ldebenedettik4@stanford.edu,Female,221.192.145.76
1826,Rosanna,Crayke,rcraykek5@ft.com,Female,46.72.8.188
1827,Gretta,Beaudry,gbeaudryk6@vistaprint.com,Female,115.59.73.200
1828,Pietrek,Celle,pcellek7@woothemes.com,Male,215.242.17.84
1829,Farlie,Boothe,fboothek8@loc.gov,Male,196.39.9.40
1830,Yancy,Rathmell,yrathmellk9@linkedin.com,Male,202.96.178.29
1831,Gertrudis,Canada,gcanadaka@bloglines.com,Female,100.153.116.157
1832,Louie,Kolak,lkolakkb@boston.com,Male,151.52.59.139
1833,Juliane,Chaikovski,jchaikovskikc@ihg.com,Female,14.123.19.153
1834,Lisette,Shaxby,lshaxbykd@cloudflare.com,Bigender,73.100.94.16
1835,Darryl,Laherty,dlahertyke@rakuten.co.jp,Male,155.41.44.52
1836,Phil,Cordall,pcordallkf@usatoday.com,Female,179.53.217.233
1837,Hart,Mollatt,hmollattkg@auda.org.au,Male,200.120.254.214
1838,Concettina,O'Loghlen,cologhlenkh@biblegateway.com,Female,197.229.176.125
1839,Lana,Tetlow,ltetlowki@google.co.jp,Genderqueer,117.7.15.89
1840,Milka,Lumbley,mlumbleykj@ox.ac.uk,Female,104.44.177.188
1841,Alys,Reddick,areddickkk@clickbank.net,Female,240.207.198.91
1842,Imogene,Marchbank,imarchbankkl@ifeng.com,Female,84.196.133.151
1843,Clare,McGhie,cmcghiekm@bloglines.com,Female,199.26.221.138
1844,Ulysses,Fife,ufifekn@rambler.ru,Male,147.164.37.186
1845,Saunders,Straw,sstrawko@linkedin.com,Male,54.10.39.97
1846,Ernesto,Kelshaw,ekelshawkp@japanpost.jp,Male,4.201.132.0
1847,Free,Stitcher,fstitcherkq@homestead.com,Male,222.224.239.36
1848,Merridie,Dwerryhouse,mdwerryhousekr@theglobeandmail.com,Female,185.14.66.255
1849,Jamesy,Aberchirder,jaberchirderks@csmonitor.com,Male,58.30.120.196
1850,Dyann,Baldrey,dbaldreykt@ning.com,Female,57.61.87.161
1851,Tamqrah,Milkin,tmilkinku@thetimes.co.uk,Female,178.204.90.167
1852,Franny,Monnelly,fmonnellykv@lycos.com,Female,131.82.232.71
1853,Nessi,Cisland,ncislandkw@surveymonkey.com,Female,200.108.80.187
1854,Morna,Hexam,mhexamkx@plala.or.jp,Female,230.147.179.70
1855,Ingra,Entreis,ientreisky@sphinn.com,Male,33.229.85.0
1856,Nellie,de Villier,ndevillierkz@washington.edu,Female,182.10.121.145
1857,Harrietta,Dowbakin,hdowbakinl0@usatoday.com,Female,137.102.143.148
1858,Rakel,Sign,rsignl1@microsoft.com,Female,73.53.123.69
1859,Durward,Featonby,dfeatonbyl2@about.com,Male,121.14.91.178
1860,Mattheus,Waind,mwaindl3@mozilla.com,Male,80.111.160.243
1861,Tedra,Dallison,tdallisonl4@tinypic.com,Non-binary,159.170.79.111
1862,Sharyl,End,sendl5@tumblr.com,Female,224.133.145.99
1863,Boote,Whitsun,bwhitsunl6@alexa.com,Male,211.1.169.238
1864,Karee,Hinrichsen,khinrichsenl7@example.com,Female,186.61.151.170
1865,Sherrie,Patzelt,spatzeltl8@businessweek.com,Female,222.233.133.17
1866,Raphael,Vasilchikov,rvasilchikovl9@thetimes.co.uk,Male,124.58.165.174
1867,Alex,Petrulis,apetrulisla@samsung.com,Female,74.122.236.227
1868,Gil,Abraham,gabrahamlb@nhs.uk,Male,9.90.145.232
1869,Markos,Sarge,msargelc@umn.edu,Male,202.156.137.110
1870,Giusto,Lethardy,glethardyld@epa.gov,Male,183.38.148.116
1871,Jody,Jepensen,jjepensenle@apache.org,Male,169.129.162.153
1872,Harlie,Clara,hclaralf@aboutads.info,Female,8.144.139.166
1873,Ario,Holdforth,aholdforthlg@yolasite.com,Male,179.173.133.117
1874,Neel,Whitford,nwhitfordlh@mlb.com,Male,253.24.58.180
1875,Haslett,Joost,hjoostli@tumblr.com,Bigender,109.72.20.236
1876,Rheta,Skeldinge,rskeldingelj@disqus.com,Agender,176.52.158.193
1877,Norman,Batchellor,nbatchellorlk@cbsnews.com,Male,137.132.235.112
1878,Jesus,Dand,jdandll@printfriendly.com,Male,158.20.75.194
1879,Clara,Taffie,ctaffielm@netvibes.com,Female,155.127.10.31
1880,Delmar,Buckler,dbucklerln@tumblr.com,Male,109.30.173.144
1881,Fons,Raison,fraisonlo@blogger.com,Male,214.230.143.170
1882,Berty,Danihelka,bdanihelkalp@go.com,Male,162.142.196.87
1883,Ellis,De la Eglise,edelaegliselq@state.tx.us,Male,194.186.71.55
1884,Etheline,Grills,egrillslr@mozilla.com,Female,216.28.27.110
1885,Sherlocke,Kordova,skordovals@stumbleupon.com,Male,152.239.90.107
1886,Shalna,Pibworth,spibworthlt@issuu.com,Female,89.111.0.232
1887,Elwyn,Atherley,eatherleylu@noaa.gov,Male,181.151.189.60
1888,Obidiah,Vequaud,ovequaudlv@smh.com.au,Male,97.135.121.77
1889,Hurleigh,Claremont,hclaremontlw@springer.com,Male,190.215.192.80
1890,Walton,Livoir,wlivoirlx@wufoo.com,Male,144.185.57.132
1891,Davita,Issacof,dissacofly@wordpress.org,Female,212.168.147.164
1892,Jorgan,Philipard,jphilipardlz@rakuten.co.jp,Male,103.197.24.80
1893,Alec,Ayres,aayresm0@github.io,Male,90.234.35.13
1894,Gardy,Mc Combe,gmccombem1@tripod.com,Male,83.220.180.255
1895,Nonah,Sharrier,nsharrierm2@google.cn,Female,13.196.127.145
1896,Huey,Leishman,hleishmanm3@army.mil,Male,136.166.158.232
1897,Mandel,Parton,mpartonm4@google.pl,Male,201.247.187.240
1898,Raoul,Blodgett,rblodgettm5@stumbleupon.com,Male,225.17.51.9
1899,Lucilia,Itzkovwich,litzkovwichm6@buzzfeed.com,Female,106.3.4.168
1900,Christophe,Toplin,ctoplinm7@netscape.com,Agender,196.168.22.235
1901,Vail,Daice,vdaicem8@symantec.com,Male,95.23.188.151
1902,Nobie,Bebbington,nbebbingtonm9@washington.edu,Male,24.0.122.81
1903,Janice,Ardley,jardleyma@altervista.org,Female,140.96.158.218
1904,Rhona,Regler,rreglermb@apple.com,Female,217.1.248.208
1905,Mel,Heaton,mheatonmc@purevolume.com,Male,99.159.117.249
1906,Cecile,Roos,croosmd@trellian.com,Female,100.164.30.184
1907,Lynnet,Raunds,lraundsme@opensource.org,Female,126.22.3.62
1908,Barri,Nestle,bnestlemf@reference.com,Male,114.154.232.208
1909,Turner,Meeson,tmeesonmg@infoseek.co.jp,Male,118.222.56.134
1910,Tito,Orrey,torreymh@businessinsider.com,Male,173.98.238.190
1911,Cammie,Chazelle,cchazellemi@godaddy.com,Female,200.53.202.136
1912,Sara-ann,Silburn,ssilburnmj@gravatar.com,Female,66.156.96.144
1913,Rustie,MacTavish,rmactavishmk@ucoz.ru,Male,18.186.96.219
1914,Bartlett,Beals,bbealsml@netlog.com,Male,217.84.169.34
1915,Lorene,Horney,lhorneymm@taobao.com,Female,28.45.190.5
1916,Esmeralda,Phizaclea,ephizacleamn@ning.com,Female,147.108.203.102
1917,Beale,Devote,bdevotemo@ftc.gov,Male,181.19.229.211
1918,Tomaso,Helmke,thelmkemp@toplist.cz,Male,142.11.187.227
1919,Jenny,Anney,janneymq@linkedin.com,Female,67.221.99.98
1920,Martelle,Baroux,mbarouxmr@geocities.com,Female,22.76.114.141
1921,Othelia,Twamley,otwamleyms@sciencedirect.com,Agender,15.27.150.124
1922,Federico,Handscomb,fhandscombmt@reuters.com,Male,70.69.37.255
1923,Budd,Szymon,bszymonmu@addthis.com,Male,31.152.84.17
1924,Charlotte,Verick,cverickmv@over-blog.com,Female,209.199.128.42
1925,Correy,Marskell,cmarskellmw@google.ru,Male,162.134.105.216
1926,Riane,Try,rtrymx@i2i.jp,Female,21.84.165.213
1927,Dillon,Erlam,derlammy@fda.gov,Male,99.248.160.191
1928,Meta,Devanney,mdevanneymz@ning.com,Female,25.188.52.126
1929,Nefen,Lowin,nlowinn0@google.com.hk,Male,250.112.235.229
1930,Stevana,Hall-Gough,shallgoughn1@cbsnews.com,Female,109.60.123.235
1931,Broderick,Jaskiewicz,bjaskiewiczn2@constantcontact.com,Male,242.236.83.176
1932,Georgie,Shurrocks,gshurrocksn3@privacy.gov.au,Female,224.125.27.195
1933,Vallie,Steed,vsteedn4@google.it,Female,142.170.6.236
1934,Tiphanie,Leopard,tleopardn5@buzzfeed.com,Female,185.148.21.200
1935,Janeta,Medway,jmedwayn6@domainmarket.com,Female,185.85.81.86
1936,Brande,Marsy,bmarsyn7@dot.gov,Female,148.106.157.115
1937,Eula,Troy,etroyn8@tinypic.com,Female,148.12.49.236
1938,Virgie,Greasley,vgreasleyn9@cbc.ca,Male,88.31.189.219
1939,Halsey,Bonhome,hbonhomena@geocities.jp,Male,96.243.249.255
1940,Ely,Soff,esoffnb@rakuten.co.jp,Male,10.159.45.35
1941,Ester,Hebard,ehebardnc@cpanel.net,Female,92.7.225.222
1942,Alessandra,Elstone,aelstonend@dot.gov,Non-binary,220.144.155.18
1943,Glenine,Wensley,gwensleyne@miitbeian.gov.cn,Female,234.249.93.126
1944,Natale,Gulley,ngulleynf@cbslocal.com,Genderqueer,93.183.33.29
1945,Enos,Skough,eskoughng@yahoo.co.jp,Male,41.29.154.10
1946,Ariella,Crose,acrosenh@gravatar.com,Female,47.255.189.221
1947,Bernice,Streeton,bstreetonni@toplist.cz,Female,26.17.23.209
1948,Tandie,Saura,tsauranj@gravatar.com,Female,100.86.247.74
1949,John,Eastwood,jeastwoodnk@51.la,Male,68.79.112.150
1950,Adelle,Donwell,adonwellnl@smugmug.com,Female,70.96.150.134
1951,Baryram,Bugg,bbuggnm@drupal.org,Male,66.198.245.112
1952,Claiborn,Gallafant,cgallafantnn@so-net.ne.jp,Male,177.107.153.35
1953,Diego,Shearston,dshearstonno@cnn.com,Male,96.98.184.41
1954,Katya,Megroff,kmegroffnp@ucsd.edu,Female,185.227.158.150
1955,Raleigh,Free,rfreenq@friendfeed.com,Male,255.82.26.127
1956,Alejoa,Billison,abillisonnr@phpbb.com,Male,202.146.104.36
1957,Beryle,Haddacks,bhaddacksns@auda.org.au,Female,18.162.225.200
1958,Bill,McPeice,bmcpeicent@cnn.com,Agender,54.253.247.189
1959,Darryl,Scrigmour,dscrigmournu@elpais.com,Male,28.193.60.223
1960,Brinna,Peirson,bpeirsonnv@a8.net,Female,253.26.61.93
1961,Baldwin,Garbutt,bgarbuttnw@irs.gov,Male,180.155.188.111
1962,Germain,Levicount,glevicountnx@mlb.com,Male,175.149.146.31
1963,Kelcy,Spray,ksprayny@e-recht24.de,Female,201.233.70.19
1964,Rycca,Cambden,rcambdennz@seattletimes.com,Female,208.75.83.23
1965,Sammy,Bestwall,sbestwallo0@icio.us,Female,136.6.106.133
1966,Abdul,Davidou,adavidouo1@dell.com,Male,64.22.23.64
1967,Ignaz,Franscioni,ifranscionio2@xinhuanet.com,Male,244.132.81.87
1968,Alvinia,Parriss,aparrisso3@businesswire.com,Female,122.166.107.39
1969,Elsey,Scothern,escotherno4@squarespace.com,Female,55.133.34.49
1970,Horatio,Lampet,hlampeto5@joomla.org,Male,189.108.69.252
1971,Giuseppe,Griss,ggrisso6@dropbox.com,Male,102.235.246.144
1972,Oriana,Potts,opottso7@latimes.com,Female,123.13.79.0
1973,Flss,Beckensall,fbeckensallo8@chronoengine.com,Female,222.199.133.135
1974,Frankie,Hellings,fhellingso9@hibu.com,Female,73.171.137.179
1975,Lev,Pietranek,lpietranekoa@redcross.org,Male,107.80.155.143
1976,Georgy,Clench,gclenchob@cornell.edu,Male,204.109.79.0
1977,Amerigo,Jandourek,ajandourekoc@bloglovin.com,Male,152.10.60.47
1978,Esta,Lebreton,elebretonod@amazon.co.uk,Female,112.1.141.22
1979,Den,Vasyunkin,dvasyunkinoe@slate.com,Male,16.12.26.8
1980,Domini,Beeze,dbeezeof@jimdo.com,Female,143.51.209.107
1981,Kath,Sapp,ksappog@noaa.gov,Genderfluid,105.160.92.36
1982,Rivkah,Vanini,rvaninioh@yandex.ru,Female,253.110.49.35
1983,Jacklin,Pine,jpineoi@mysql.com,Female,153.200.203.63
1984,Jacynth,Carous,jcarousoj@zdnet.com,Female,244.142.104.139
1985,Umberto,Vedishchev,uvedishchevok@ebay.co.uk,Male,222.3.169.96
1986,Ignaz,Moulin,imoulinol@homestead.com,Non-binary,218.57.49.126
1987,Marybelle,Huntress,mhuntressom@comsenz.com,Female,137.240.184.192
1988,Megen,Frobisher,mfrobisheron@statcounter.com,Female,36.167.103.136
1989,Cornell,Constantine,cconstantineoo@creativecommons.org,Male,203.254.52.218
1990,Lutero,Scammonden,lscammondenop@unesco.org,Male,143.123.217.39
1991,Gordie,Cauthra,gcauthraoq@spiegel.de,Male,19.67.144.100
1992,Alexandre,Pauli,apaulior@loc.gov,Male,51.92.68.44
1993,Giff,McDowall,gmcdowallos@adobe.com,Male,128.253.130.180
1994,Merralee,Tynewell,mtynewellot@jimdo.com,Female,221.6.110.4
1995,Rozanne,Aherne,raherneou@buzzfeed.com,Non-binary,163.49.217.143
1996,Loutitia,Whillock,lwhillockov@bluehost.com,Female,176.137.115.232
1997,Barty,Wagg,bwaggow@tuttocitta.it,Male,186.146.74.190
1998,Dre,Binfield,dbinfieldox@walmart.com,Female,115.200.94.179
1999,Nicki,Preon,npreonoy@csmonitor.com,Female,130.173.243.201
2000,Nariko,Rennels,nrennelsoz@illinois.edu,Female,18.97.128.86
2001,Milzie,Triggs,mtriggsp0@flickr.com,Female,46.202.131.57
2002,Robbert,Skittrell,rskittrellp1@springer.com,Male,104.113.145.90
2003,Bryana,Lightowler,blightowlerp2@nymag.com,Female,69.61.41.153
2004,Ettore,Deaville,edeavillep3@xrea.com,Male,83.64.125.137
2005,Marty,Pickrell,mpickrellp4@wordpress.org,Male,216.142.133.59
2006,Alicia,Moult,amoultp5@slideshare.net,Female,65.203.182.13
2007,Kellby,Cran,kcranp6@unicef.org,Male,22.25.84.80
2008,Dennie,Wipper,dwipperp7@springer.com,Female,180.227.13.15
2009,Fran,Driscoll,fdriscollp8@miibeian.gov.cn,Male,117.47.100.151
2010,Mathew,Hughill,mhughillp9@hao123.com,Male,47.252.19.109
2011,Pavel,Loalday,ploaldaypa@hud.gov,Genderqueer,134.184.216.165
2012,Hiram,Alvis,halvispb@biblegateway.com,Male,55.204.53.118
2013,Ailyn,McCafferty,amccaffertypc@blogger.com,Female,122.60.141.14
2014,Sonnnie,Liebmann,sliebmannpd@people.com.cn,Female,51.227.61.212
2015,Debor,Lyons,dlyonspe@craigslist.org,Female,139.28.19.190
2016,Padget,Sambrok,psambrokpf@printfriendly.com,Male,145.79.9.186
2017,Durante,Brierley,dbrierleypg@cisco.com,Male,137.232.134.135
2018,Ahmed,Sutherington,asutheringtonph@sourceforge.net,Male,49.177.62.2
2019,Henriette,Frankel,hfrankelpi@biblegateway.com,Female,149.199.164.63
2020,Tamarra,Banham,tbanhampj@ebay.com,Female,253.120.243.79
2021,Felice,Jerzak,fjerzakpk@instagram.com,Female,25.219.175.46
2022,Vina,Haydn,vhaydnpl@ning.com,Female,171.205.2.136
2023,Siward,Stace,sstacepm@joomla.org,Male,185.23.215.158
2024,Selina,Phettis,sphettispn@vimeo.com,Genderfluid,201.30.103.54
2025,Ruby,Grooby,rgroobypo@simplemachines.org,Female,138.236.136.25
2026,Evyn,Luscombe,eluscombepp@gov.uk,Male,127.232.220.205
2027,Cher,Shivlin,cshivlinpq@shop-pro.jp,Female,49.193.96.212
2028,Terrye,Spitell,tspitellpr@amazon.com,Female,164.215.75.206
2029,Rickey,Klauber,rklauberps@blogtalkradio.com,Non-binary,185.84.189.171
2030,Dionysus,Craig,dcraigpt@last.fm,Male,107.249.38.81
2031,Pauletta,Otley,potleypu@networkadvertising.org,Female,193.235.188.198
2032,Pearle,Snedker,psnedkerpv@symantec.com,Female,123.112.79.214
2033,Belita,Fishly,bfishlypw@vimeo.com,Female,174.100.99.54
2034,Faina,Boggon,fboggonpx@pbs.org,Female,145.114.100.237
2035,Liuka,Heibl,lheiblpy@loc.gov,Female,134.115.26.20
2036,Corella,Gayler,cgaylerpz@adobe.com,Female,53.81.216.251
2037,Teresita,Phettiplace,tphettiplaceq0@dedecms.com,Female,71.8.233.90
2038,Kimberley,Trim,ktrimq1@cnet.com,Female,94.216.202.66
2039,Rori,Tinman,rtinmanq2@icio.us,Female,151.64.127.191
2040,Hildagard,Matresse,hmatresseq3@dagondesign.com,Female,194.106.27.140
2041,Olivero,Shillington,oshillingtonq4@slashdot.org,Genderfluid,209.247.205.228
2042,Dean,Gaye,dgayeq5@aboutads.info,Male,246.8.147.225
2043,Christophe,Brumwell,cbrumwellq6@symantec.com,Male,196.93.196.72
2044,Amata,Campion,acampionq7@psu.edu,Female,154.73.110.241
2045,Whittaker,Tukely,wtukelyq8@ifeng.com,Male,9.0.239.252
2046,Marquita,Goodin,mgoodinq9@163.com,Female,149.179.74.76
2047,Duncan,Roulston,droulstonqa@cocolog-nifty.com,Male,49.107.2.189
2048,Cull,Castelot,ccastelotqb@taobao.com,Male,157.136.251.61
2049,Conn,Gavrielly,cgavriellyqc@fc2.com,Male,143.40.193.210
2050,Piper,Snazel,psnazelqd@microsoft.com,Female,127.141.174.32
2051,Jacquenette,Maddern,jmaddernqe@squidoo.com,Female,19.169.148.59
2052,Willis,Ingley,wingleyqf@is.gd,Male,71.6.226.93
2053,Allsun,O'Hallagan,aohallaganqg@java.com,Female,229.90.14.56
2054,Elianora,Demann,edemannqh@yahoo.com,Female,80.246.25.238
2055,Killian,Dewer,kdewerqi@microsoft.com,Male,114.113.173.9
2056,Torey,Alway,talwayqj@reuters.com,Female,202.225.185.127
2057,Blane,Slowgrove,bslowgroveqk@unesco.org,Male,153.30.188.111
2058,Nobie,Anderer,nandererql@wikia.com,Male,109.51.240.86
2059,Miguel,McFfaden,mmcffadenqm@hud.gov,Male,86.53.137.99
2060,Amby,Pasley,apasleyqn@prlog.org,Male,243.67.103.144
2061,Julie,Peye,jpeyeqo@4shared.com,Male,21.163.201.59
2062,Leopold,Yakuntsov,lyakuntsovqp@hc360.com,Male,53.238.120.39
2063,Loydie,Dibbe,ldibbeqq@nifty.com,Polygender,232.90.130.76
2064,Brandi,O'Suaird,bosuairdqr@4shared.com,Female,38.233.80.29
2065,Rory,Le Teve,rleteveqs@mlb.com,Female,110.53.242.61
2066,Marline,Matskiv,mmatskivqt@cnbc.com,Female,130.235.131.232
2067,Emerson,Helin,ehelinqu@gnu.org,Male,26.227.224.136
2068,Fulton,Lawtie,flawtieqv@amazon.de,Male,44.40.210.152
2069,Kamillah,Lusher,klusherqw@cdbaby.com,Genderqueer,222.121.130.242
2070,Franny,Normadell,fnormadellqx@go.com,Male,195.60.160.109
2071,Jacklin,Rymer,jrymerqy@kickstarter.com,Female,200.135.253.71
2072,Auguste,Blinde,ablindeqz@eepurl.com,Bigender,44.209.100.97
2073,Cyrille,Prosser,cprosserr0@columbia.edu,Male,102.195.222.25
2074,Budd,Ciccoloi,bciccoloir1@hhs.gov,Male,165.169.171.121
2075,Elberta,Harrison,eharrisonr2@amazonaws.com,Female,70.52.27.107
2076,Mervin,Filppetti,mfilppettir3@fda.gov,Male,17.41.191.78
2077,Fidelity,Van Zon,fvanzonr4@unblog.fr,Female,235.252.147.81
2078,Blanche,McGroarty,bmcgroartyr5@hhs.gov,Female,8.187.178.229
2079,Porty,Breming,pbremingr6@dailymotion.com,Male,108.241.178.6
2080,Charil,Bullion,cbullionr7@joomla.org,Female,158.137.77.19
2081,Peggy,Sturley,psturleyr8@foxnews.com,Female,214.83.156.74
2082,Mayne,Simpkins,msimpkinsr9@blogger.com,Male,193.60.118.151
2083,Dilly,Naldrett,dnaldrettra@apple.com,Male,42.143.61.167
2084,Michaela,Demead,mdemeadrb@narod.ru,Female,209.223.12.20
2085,Nikoletta,Solway,nsolwayrc@bbc.co.uk,Female,127.173.222.72
2086,Max,Stretton,mstrettonrd@ft.com,Female,111.15.197.119
2087,Ancell,Rouse,arousere@cbslocal.com,Male,137.246.220.245
2088,Alys,Crossland,acrosslandrf@google.it,Female,204.86.155.163
2089,Boote,Dudding,bduddingrg@ucoz.ru,Male,247.176.58.57
2090,Karry,Redier,kredierrh@alibaba.com,Female,112.157.28.118
2091,Benetta,Denisot,bdenisotri@cloudflare.com,Female,96.183.42.153
2092,Jessie,Cettell,jcettellrj@hao123.com,Female,235.181.247.9
2093,Ernestus,Rennenbach,erennenbachrk@drupal.org,Male,225.87.224.136
2094,Cami,Kilday,ckildayrl@opera.com,Female,59.162.199.241
2095,Leroi,Eland,lelandrm@berkeley.edu,Male,229.16.181.187
2096,Izak,Skyrme,iskyrmern@house.gov,Male,88.19.7.116
2097,Grata,Keaveny,gkeavenyro@cpanel.net,Female,226.19.7.192
2098,Fowler,Haswall,fhaswallrp@jigsy.com,Non-binary,16.22.171.61
2099,Agustin,Tussaine,atussainerq@altervista.org,Male,148.253.233.208
2100,Brady,Kohring,bkohringrr@patch.com,Male,95.113.44.50
