id,first_name,last_name,email,gender,ip_address
101,Milly,Rand,mrand0@upenn.edu,Female,21.77.100.200
102,Andriette,Cantera,acantera1@elegantthemes.com,Female,227.52.180.225
103,Ron,Dayly,rdayly2@edublogs.org,Male,4.255.220.18
104,Elisha,Oxshott,eoxshott3@photobucket.com,Male,182.120.234.235
105,Linnea,McPeake,lmcpeake4@mozilla.com,Female,147.146.137.82
106,Aime,O'Sheerin,aosheerin5@hao123.com,Female,67.147.211.35
107,Patricio,Thorn,pthorn6@purevolume.com,Male,213.86.177.177
108,Annadiane,Waszkiewicz,awaszkiewicz7@creativecommons.org,Female,1.41.181.128
109,Barnabe,Glanister,bglanister8@mapy.cz,Male,133.42.69.36
110,Judi,Grigs,jgrigs9@wisc.edu,Female,120.195.53.150
111,Klemens,Yosifov,kyosifova@cdc.gov,Male,229.46.40.79
112,Lenore,Dimmack,ldimmackb@narod.ru,Female,79.5.77.122
113,Maure,Guiton,mguitonc@intel.com,Female,180.33.82.172
114,Lynn,Cobbe,lcobbed@state.gov,Female,158.127.82.77
115,Cordula,Aloshechkin,caloshechkine@gravatar.com,Female,180.183.67.247
116,Heinrik,Daughton,hdaughtonf@paginegialle.it,Male,203.42.98.137
117,Con,Janata,cjanatag@tinypic.com,Male,247.182.154.138
118,Karin,Gerrard,kgerrardh@squidoo.com,Female,152.4.71.110
119,Claresta,Guihen,cguiheni@amazon.com,Female,218.233.209.71
120,Enrique,Ughi,eughij@gmpg.org,Agender,3.229.126.63
121,Ade,Rosensaft,arosensaftk@scientificamerican.com,Male,120.81.255.118
122,Darlene,Gerin,dgerinl@trellian.com,Female,149.255.248.245
123,Sawyere,Bernardotte,sbernardottem@twitter.com,Male,49.8.237.140
124,Phillida,Dulake,pdulaken@goodreads.com,Female,43.246.150.113
125,Curry,Corballis,ccorballiso@slashdot.org,Male,66.122.19.77
126,Elmer,Berecloth,ebereclothp@ca.gov,Male,57.158.179.251
127,Claudelle,Flintoff,cflintoffq@amazon.co.jp,Polygender,186.22.193.249
128,Brockie,Makey,bmakeyr@usgs.gov,Male,93.198.120.115
129,Blake,Lisciandro,blisciandros@networkadvertising.org,Female,229.242.138.37
130,Coretta,Provost,cprovostt@elegantthemes.com,Female,127.224.5.96
131,Cybill,De Caroli,cdecaroliu@washington.edu,Female,107.13.240.16
132,Dennet,Parsand,dparsandv@symantec.com,Male,96.230.175.180
133,Martyn,Haith,mhaithw@umn.edu,Male,254.81.194.78
134,Delmer,Broy,dbroyx@si.edu,Male,207.239.2.74
135,Carlynn,Doerrling,cdoerrlingy@vistaprint.com,Female,219.12.108.68
136,Keven,Kleinschmidt,kkleinschmidtz@creativecommons.org,Male,165.23.29.245
137,Jeremie,Friend,jfriend10@tinyurl.com,Male,116.7.209.88
138,Nehemiah,Forbes,nforbes11@sakura.ne.jp,Male,227.22.106.53
139,Ara,Coltherd,acoltherd12@disqus.com,Male,244.73.55.231
140,Morena,Dedam,mdedam13@europa.eu,Female,202.177.53.54
141,Ferdinand,Witherop,fwitherop14@163.com,Male,108.86.184.153
142,Richard,Stonebanks,rstonebanks15@bbb.org,Male,70.72.30.9
143,Marris,Aylwin,maylwin16@seesaa.net,Female,159.154.111.149
144,Emilee,Deeprose,edeeprose17@illinois.edu,Agender,131.107.56.119
145,Nickola,Lathe,nlathe18@psu.edu,Male,55.208.246.105
146,Honor,Cowx,hcowx19@jalbum.net,Female,150.146.166.39
147,Sargent,Waddie,swaddie1a@alibaba.com,Male,45.44.249.160
148,Teodoor,Winsiowiecki,twinsiowiecki1b@skype.com,Male,120.155.44.82
149,Hartwell,Harring,hharring1c@guardian.co.uk,Male,228.74.116.34
150,Reinold,Etheridge,retheridge1d@statcounter.com,Male,101.168.53.18
151,Arri,Shorton,ashorton1e@comcast.net,Male,10.254.148.105
152,Sloan,Baumber,sbaumber1f@usatoday.com,Male,168.131.4.48
153,Clevie,Housegoe,chousegoe1g@stumbleupon.com,Male,199.222.245.142
154,Nissie,Ledrun,nledrun1h@tamu.edu,Female,189.14.10.219
155,Barth,Breheny,bbreheny1i@usnews.com,Male,101.36.99.7
156,Coleman,Elph,celph1j@homestead.com,Male,202.205.198.171
157,Tanhya,Jelphs,tjelphs1k@imgur.com,Female,120.194.216.60
158,Bertine,Ord,bord1l@sogou.com,Female,109.136.9.132
159,Ginelle,Murfill,gmurfill1m@taobao.com,Genderqueer,215.147.83.188
160,Norby,Pettigrew,npettigrew1n@usatoday.com,Male,223.77.100.137
161,Harmon,Ridsdole,hridsdole1o@uiuc.edu,Male,3.191.95.123
162,Morganica,Huitson,mhuitson1p@deviantart.com,Female,71.179.38.194
163,Layla,Jarley,ljarley1q@yahoo.co.jp,Female,41.159.188.205
164,Hakim,Bowlands,hbowlands1r@scientificamerican.com,Male,124.223.195.148
165,Spike,Ridolfo,sridolfo1s@about.me,Male,190.36.238.210
166,Michale,Verralls,mverralls1t@discovery.com,Male,229.145.51.11
167,Kimbell,Credland,kcredland1u@vkontakte.ru,Male,44.10.35.209
168,Rivalee,Varlow,rvarlow1v@harvard.edu,Female,105.105.184.18
169,Kristian,Greenham,kgreenham1w@japanpost.jp,Male,87.147.75.57
170,Grantham,Peasby,gpeasby1x@berkeley.edu,Male,204.181.13.120
171,Darius,Gatecliff,dgatecliff1y@studiopress.com,Male,130.76.72.1
172,Fielding,Cordy,fcordy1z@linkedin.com,Male,12.104.3.46
173,Cleopatra,Ronaghan,cronaghan20@businesswire.com,Female,51.1.2.132
174,Angy,Helks,ahelks21@creativecommons.org,Bigender,44.209.195.160
175,Ebenezer,Devericks,edevericks22@cloudflare.com,Male,169.117.35.44
176,Judon,Lavell,jlavell23@shareasale.com,Male,20.90.123.175
177,Lesley,Lush,llush24@google.it,Female,38.70.64.222
178,Reena,Bilby,rbilby25@state.gov,Female,101.176.229.91
179,Marshal,Slimme,mslimme26@bbb.org,Male,78.23.138.101
180,Xerxes,Bartosch,xbartosch27@hexun.com,Male,143.12.119.183
181,Brendis,Miguel,bmiguel28@yellowbook.com,Male,152.55.246.63
182,Larine,Fishe,lfishe29@cafepress.com,Female,75.125.182.237
183,Jacklyn,Sackes,jsackes2a@woothemes.com,Bigender,37.186.145.159
184,Urbain,Beards,ubeards2b@joomla.org,Male,186.148.163.219
185,Laney,Matthews,lmatthews2c@goo.ne.jp,Genderfluid,223.210.247.238
186,Malvin,Engelmann,mengelmann2d@mayoclinic.com,Male,211.94.201.10
187,Maggie,Casetta,mcasetta2e@hugedomains.com,Female,150.235.1.252
188,Glendon,Hecks,ghecks2f@meetup.com,Male,233.193.41.94
189,Cassandra,Sommerscales,csommerscales2g@theatlantic.com,Female,6.104.133.227
190,Janek,Foresight,jforesight2h@biblegateway.com,Male,0.207.199.82
191,Neila,Cardenas,ncardenas2i@marriott.com,Female,180.54.60.191
192,Florette,Meir,fmeir2j@istockphoto.com,Female,0.49.31.225
193,Benton,Krollmann,bkrollmann2k@prweb.com,Male,163.117.75.167
194,Siusan,Arstall,sarstall2l@google.pl,Female,26.150.119.10
195,Linnie,Retchless,lretchless2m@themeforest.net,Female,35.243.204.131
196,Dyanne,Balden,dbalden2n@msu.edu,Female,219.1.99.95
197,Mackenzie,Varvara,mvarvara2o@nature.com,Non-binary,40.98.231.123
198,Anitra,Moreno,amoreno2p@pcworld.com,Female,84.78.115.246
199,Roley,Hallbird,rhallbird2q@amazonaws.com,Male,248.243.90.94
200,Efren,Balfre,ebalfre2r@storify.com,Male,244.11.42.200
201,Roldan,Vautre,rvautre2s@etsy.com,Male,218.36.130.249
202,Addie,Caves,acaves2t@fema.gov,Female,139.198.216.68
203,Vittoria,Dyka,vdyka2u@bizjournals.com,Bigender,33.133.244.66
204,Darnall,Hornig,dhornig2v@prweb.com,Male,5.12.191.145
205,Ambros,Hlavac,ahlavac2w@nsw.gov.au,Male,206.137.182.32
206,Alvinia,Scripture,ascripture2x@dell.com,Female,67.45.146.191
207,Grata,Feary,gfeary2y@reference.com,Female,59.4.117.224
208,Kareem,Garton,kgarton2z@twitpic.com,Male,194.7.29.9
209,Shepherd,Weild,sweild30@webmd.com,Male,236.163.159.133
210,Cirilo,Francecione,cfrancecione31@sitemeter.com,Male,119.48.48.54
211,Reine,Jagiello,rjagiello32@forbes.com,Female,247.8.6.9
212,Twila,Bock,tbock33@thetimes.co.uk,Female,194.172.60.45
213,Aldis,Gersam,agersam34@nytimes.com,Non-binary,204.44.47.197
214,Gabriela,Jelphs,gjelphs35@xinhuanet.com,Female,146.141.99.52
215,Henka,Allan,hallan36@jalbum.net,Female,59.136.38.142
216,Lona,Tommasuzzi,ltommasuzzi37@mac.com,Female,120.245.42.63
217,Hillary,Furby,hfurby38@taobao.com,Female,248.24.122.215
218,Galen,Steinson,gsteinson39@addthis.com,Male,187.87.25.166
219,Dottie,Hamner,dhamner3a@soup.io,Female,255.99.78.169
220,Mattheus,Pynner,mpynner3b@sun.com,Male,130.210.38.109
221,Janene,Trubshaw,jtrubshaw3c@ezinearticles.com,Female,114.107.19.136
222,Taite,Brabin,tbrabin3d@example.com,Male,21.192.97.142
223,Marketa,Clemendot,mclemendot3e@java.com,Female,252.79.166.41
224,Damian,Whittaker,dwhittaker3f@theglobeandmail.com,Male,113.82.175.27
225,Theo,Paff,tpaff3g@hc360.com,Genderfluid,111.0.93.24
226,Lorna,Seery,lseery3h@jugem.jp,Female,67.192.141.20
227,Clim,Thistleton,cthistleton3i@hud.gov,Male,34.178.132.158
228,Kristyn,Hobble,khobble3j@homestead.com,Female,153.144.161.50
229,Nora,Brimilcombe,nbrimilcombe3k@twitter.com,Female,140.241.25.91
230,Barrett,Schinetti,bschinetti3l@bbc.co.uk,Male,32.156.134.173
231,Leyla,Peebles,lpeebles3m@cbsnews.com,Female,251.22.82.203
232,Lissy,Sussans,lsussans3n@arstechnica.com,Female,231.238.5.163
233,Katha,McMichan,kmcmichan3o@mozilla.com,Female,0.175.55.131
234,Amelie,Martusewicz,amartusewicz3p@whitehouse.gov,Female,27.220.172.23
235,Base,Trulock,btrulock3q@jalbum.net,Male,40.77.183.117
236,Bertina,Pressdee,bpressdee3r@digg.com,Female,32.240.145.125
237,Stearne,Manhare,smanhare3s@sohu.com,Male,199.18.216.227
238,Zarla,St. Hill,zsthill3t@fotki.com,Female,53.243.120.50
239,Shepherd,Davydoch,sdavydoch3u@pagesperso-orange.fr,Male,253.7.223.15
240,Cirillo,Redmond,credmond3v@comsenz.com,Male,1.176.245.247
241,Brigitte,Skin,bskin3w@washingtonpost.com,Female,150.222.144.25
242,Winfield,Purrier,wpurrier3x@example.com,Male,196.166.71.131
243,Frances,Mandal,fmandal3y@google.cn,Female,96.8.136.218
244,Nannette,Darrigrand,ndarrigrand3z@usatoday.com,Female,106.177.137.107
245,Jocko,MacAllen,jmacallen40@sina.com.cn,Male,75.120.235.177
246,Kizzee,Insoll,kinsoll41@typepad.com,Female,40.142.133.46
247,Tasia,Enocksson,tenocksson42@geocities.jp,Female,230.52.127.87
248,Dulcinea,Spowart,dspowart43@amazon.co.uk,Female,178.193.126.126
249,Ignace,Kuller,ikuller44@oaic.gov.au,Male,191.121.241.134
250,Sloane,Newgrosh,snewgrosh45@youku.com,Male,140.242.108.117
251,Gabriello,Swift,gswift46@yellowpages.com,Male,59.85.180.238
252,Vin,Poulton,vpoulton47@abc.net.au,Male,13.86.199.181
253,Wesley,Gounin,wgounin48@seesaa.net,Male,39.143.39.63
254,Sonia,Bhar,sbhar49@soundcloud.com,Female,70.184.216.149
255,Hilton,Bonhome,hbonhome4a@oaic.gov.au,Genderfluid,121.45.13.8
256,Leoline,Bloomer,lbloomer4b@weather.com,Female,220.91.102.187
257,Nedi,Carpmile,ncarpmile4c@yelp.com,Female,66.60.60.67
258,Eddie,O'Nowlan,eonowlan4d@i2i.jp,Male,33.33.180.69
259,Vivi,O'Cannan,vocannan4e@youtube.com,Female,156.162.99.125
260,Fran,Heathcott,fheathcott4f@google.fr,Bigender,22.83.0.195
261,Wang,Jillis,wjillis4g@scientificamerican.com,Male,138.69.207.155
262,Saree,Baldcock,sbaldcock4h@tumblr.com,Female,15.151.188.254
263,Otho,Richardet,orichardet4i@wired.com,Male,109.168.241.217
264,Pietra,Jaquiss,pjaquiss4j@nhs.uk,Female,81.144.236.252
265,Cherice,Zuanazzi,czuanazzi4k@woothemes.com,Female,123.132.34.126
266,Pauly,Volante,pvolante4l@gnu.org,Male,45.213.34.40
267,Leonore,Ruggiero,lruggiero4m@alibaba.com,Female,103.195.149.235
268,Martino,Gwatkins,mgwatkins4n@hhs.gov,Male,34.95.10.128
269,Lennard,Joselin,ljoselin4o@123-reg.co.uk,Genderqueer,156.59.236.105
270,Josselyn,Munning,jmunning4p@google.com.hk,Female,169.193.222.230
271,Iseabal,Banishevitz,ibanishevitz4q@newyorker.com,Female,221.237.223.37
272,Lynne,Reinhard,lreinhard4r@stumbleupon.com,Female,215.236.160.148
273,Dylan,Drance,ddrance4s@psu.edu,Male,85.20.1.173
274,Raquel,Waldram,rwaldram4t@independent.co.uk,Female,139.109.142.4
275,Jean,Tritton,jtritton4u@taobao.com,Male,227.102.205.6
276,Nealon,Stoggles,nstoggles4v@smh.com.au,Male,237.231.196.226
277,Goldia,Hollebon,ghollebon4w@geocities.jp,Female,39.118.158.83
278,Tobie,Fraczak,tfraczak4x@multiply.com,Male,183.124.149.154
279,Valentin,Bricham,vbricham4y@deviantart.com,Male,93.116.209.99
280,Eldredge,Mateus,emateus4z@prlog.org,Male,163.123.200.116
281,Raphael,Tures,rtures50@ox.ac.uk,Male,172.124.63.57
282,Birgitta,Jacob,bjacob51@msn.com,Female,240.141.4.189
283,Annissa,Low,alow52@sfgate.com,Female,95.51.139.137
284,Quinton,Lampbrecht,qlampbrecht53@japanpost.jp,Male,194.142.22.19
285,Vickie,Hindsberg,vhindsberg54@discovery.com,Female,236.130.30.82
286,Klemens,Hutton,khutton55@meetup.com,Male,117.178.128.2
287,Garvey,Headrick,gheadrick56@edublogs.org,Male,173.115.233.92
288,Rheba,Cafferty,rcafferty57@blogs.com,Female,41.192.185.70
289,Herby,Lorden,hlorden58@ameblo.jp,Male,104.188.215.79
290,Derwin,Ateggart,dateggart59@epa.gov,Male,195.222.52.91
291,Egor,Goligly,egoligly5a@youtu.be,Male,131.120.114.175
292,Adrien,Speakman,aspeakman5b@tmall.com,Genderfluid,197.241.218.241
293,Leelah,Crippin,lcrippin5c@fastcompany.com,Female,140.180.254.218
294,Martguerita,Britton,mbritton5d@ning.com,Female,10.245.166.78
295,Ferguson,O'Hoolahan,fohoolahan5e@about.me,Male,5.243.172.227
296,Titus,Le Strange,tlestrange5f@phoca.cz,Male,215.219.155.226
297,Colette,Casotti,ccasotti5g@comsenz.com,Female,52.199.105.251
298,Madelon,Ponton,mponton5h@naver.com,Female,29.16.246.108
299,Grantley,Diviny,gdiviny5i@cpanel.net,Male,88.150.172.132
300,Garrick,Nabarro,gnabarro5j@php.net,Male,31.224.35.65
301,Clo,McGhee,cmcghee5k@samsung.com,Female,181.228.145.121
302,Demetri,Jaffa,djaffa5l@imgur.com,Male,33.48.233.83
303,Maren,Glacken,mglacken5m@mlb.com,Female,48.80.10.73
304,Berti,Learmonth,blearmonth5n@usa.gov,Male,163.207.159.143
305,Danie,Muslim,dmuslim5o@loc.gov,Male,228.190.234.185
306,Pandora,Nathan,pnathan5p@skype.com,Female,27.114.88.255
307,Augusto,Gonsalo,agonsalo5q@techcrunch.com,Male,16.79.175.164
308,Carly,Rickeard,crickeard5r@studiopress.com,Male,229.45.229.195
309,Leroi,Foulcher,lfoulcher5s@blogspot.com,Male,55.168.31.49
310,Merrily,Lomasney,mlomasney5t@sitemeter.com,Female,249.13.57.96
311,Faythe,Proughten,fproughten5u@zimbio.com,Female,76.91.171.51
312,Lorita,Grebert,lgrebert5v@house.gov,Agender,231.212.7.29
313,Elisa,Benedyktowicz,ebenedyktowicz5w@bloglines.com,Female,223.36.153.185
314,Debera,Tregonna,dtregonna5x@wufoo.com,Female,62.191.219.195
315,Gasper,Stranahan,gstranahan5y@webeden.co.uk,Male,34.247.36.33
316,Antoni,McGonnell,amcgonnell5z@cmu.edu,Male,69.135.26.130
317,Pincas,Mogford,pmogford60@amazon.co.jp,Polygender,224.139.218.57
318,Dieter,Mackilpatrick,dmackilpatrick61@nih.gov,Male,129.123.141.114
319,Price,Hegarty,phegarty62@quantcast.com,Male,84.44.21.92
320,Ryun,Riccardi,rriccardi63@zdnet.com,Male,24.120.87.120
321,Raddie,Mewett,rmewett64@de.vu,Male,188.70.245.13
322,Rice,Haddock,rhaddock65@oracle.com,Male,181.114.81.193
323,Carlota,Braisted,cbraisted66@creativecommons.org,Female,60.168.166.184
324,Bond,Lasselle,blasselle67@nsw.gov.au,Male,226.106.4.150
325,Meris,Claremont,mclaremont68@yahoo.co.jp,Female,149.38.158.5
326,Jackie,Speariett,jspeariett69@amazonaws.com,Male,150.142.52.169
327,Sallee,Triswell,striswell6a@theatlantic.com,Female,65.233.207.87
328,Eb,Freezer,efreezer6b@webs.com,Male,127.122.26.254
329,Pyotr,Delouch,pdelouch6c@wp.com,Male,3.154.194.153
330,Obed,Humbert,ohumbert6d@ucla.edu,Male,204.47.117.179
331,Nananne,Jallin,njallin6e@google.co.jp,Female,219.96.167.196
332,Malissia,Snoden,msnoden6f@creativecommons.org,Female,169.164.115.190
333,Genvieve,Coffey,gcoffey6g@csmonitor.com,Female,101.188.202.133
334,Cairistiona,Josefowicz,cjosefowicz6h@theglobeandmail.com,Female,181.255.2.86
335,Durant,Creamer,dcreamer6i@wikia.com,Male,249.109.170.154
336,Carmita,Korejs,ckorejs6j@friendfeed.com,Female,3.217.113.245
337,Drona,Brabin,dbrabin6k@army.mil,Female,143.249.178.233
338,Ginger,Skitch,gskitch6l@yahoo.co.jp,Female,238.12.55.71
339,Corliss,Scarre,cscarre6m@springer.com,Female,181.125.199.45
340,Normie,Tesoe,ntesoe6n@netscape.com,Male,10.133.140.247
341,Perren,Milner,pmilner6o@cpanel.net,Male,43.112.142.38
342,Indira,Hallyburton,ihallyburton6p@ebay.co.uk,Female,63.44.22.14
343,Clarabelle,Eddie,ceddie6q@nyu.edu,Female,21.73.107.86
344,Kimberley,Finlry,kfinlry6r@springer.com,Female,8.195.56.94
345,Jeniffer,Crotty,jcrotty6s@google.com.br,Female,25.74.142.213
346,Brittani,Thoumasson,bthoumasson6t@smugmug.com,Female,64.67.162.37
347,Clarance,Havercroft,chavercroft6u@hhs.gov,Male,157.100.208.103
348,Ciro,Tiernan,ctiernan6v@techcrunch.com,Male,62.231.25.1
349,Hoebart,Witul,hwitul6w@bandcamp.com,Male,225.85.54.238
350,Johnny,Meake,jmeake6x@va.gov,Male,130.46.156.104
351,Gris,Dunphie,gdunphie6y@cbsnews.com,Male,177.231.99.57
352,Marwin,Henniger,mhenniger6z@netlog.com,Male,50.215.2.189
353,Natalee,Bohin,nbohin70@xinhuanet.com,Female,83.105.178.92
354,Willy,Bartke,wbartke71@woothemes.com,Female,23.7.154.187
355,Raffaello,Whipp,rwhipp72@woothemes.com,Male,21.151.158.46
356,Beryle,Stayt,bstayt73@cocolog-nifty.com,Female,114.112.208.38
357,Maynard,Gutcher,mgutcher74@umich.edu,Male,73.68.93.138
358,Rocky,Cristoforetti,rcristoforetti75@canalblog.com,Male,224.112.64.208
359,Katleen,Ortells,kortells76@prlog.org,Female,185.184.36.177
360,Corrianne,Goch,cgoch77@gov.uk,Non-binary,103.39.227.54
361,Andrey,Springtorp,aspringtorp78@princeton.edu,Male,90.34.143.65
362,Brit,Questier,bquestier79@rambler.ru,Male,61.252.237.126
363,Elisabetta,Paybody,epaybody7a@icq.com,Female,86.28.195.127
364,Albert,Vallack,avallack7b@e-recht24.de,Male,114.114.157.33
365,Derrik,Dilon,ddilon7c@webnode.com,Male,187.107.136.155
366,Hamish,Flute,hflute7d@eventbrite.com,Male,242.115.189.142
367,Nessa,McKenzie,nmckenzie7e@imageshack.us,Female,96.110.195.140
368,Yovonnda,Koenraad,ykoenraad7f@upenn.edu,Female,100.223.12.109
369,Georgina,Schwieso,gschwieso7g@nature.com,Female,28.66.219.158
370,Binny,Warham,bwarham7h@amazon.com,Female,105.94.133.0
371,Angil,Lambard,alambard7i@mtv.com,Female,252.184.147.114
372,Halley,Slaney,hslaney7j@msu.edu,Female,63.219.34.186
373,Benedikta,Woolfoot,bwoolfoot7k@webnode.com,Female,182.239.206.63
374,Otha,Hanaby,ohanaby7l@nhs.uk,Female,226.103.255.172
375,Bel,Painswick,bpainswick7m@google.cn,Female,0.225.66.173
376,Piper,Izakson,pizakson7n@sphinn.com,Female,252.131.221.7
377,Ariel,Baldwin,abaldwin7o@simplemachines.org,Female,81.76.192.58
378,Maje,Plank,mplank7p@so-net.ne.jp,Male,202.76.8.109
379,Alfie,Buard,abuard7q@webnode.com,Female,160.157.249.25
380,Zerk,Onn,zonn7r@princeton.edu,Male,51.118.157.78
381,Edd,Crisell,ecrisell7s@cocolog-nifty.com,Male,56.239.133.49
382,Kit,Caulliere,kcaulliere7t@abc.net.au,Female,29.88.121.237
383,Janeczka,Element,jelement7u@goo.ne.jp,Female,81.126.153.21
384,Marianne,Rignold,mrignold7v@g.co,Female,147.60.139.97
385,Elspeth,Glanville,eglanville7w@a8.net,Bigender,55.89.0.168
386,Jeanine,Louden,jlouden7x@house.gov,Female,193.49.159.0
387,Sandi,Lawman,slawman7y@liveinternet.ru,Agender,137.186.89.10
388,Seymour,Avramovsky,savramovsky7z@umich.edu,Male,43.211.218.175
389,Reuven,Coorington,rcoorington80@samsung.com,Male,109.167.251.7
390,Cy,Inkpin,cinkpin81@qq.com,Male,179.254.158.51
391,Jemimah,Winton,jwinton82@house.gov,Female,153.63.102.40
392,Ada,Letchmore,aletchmore83@senate.gov,Female,205.8.199.61
393,Millard,Amery,mamery84@xrea.com,Male,210.214.72.108
394,Gualterio,Noe,gnoe85@acquirethisname.com,Male,166.116.191.145
395,Doralynn,Stiegars,dstiegars86@irs.gov,Female,30.153.148.25
396,Orion,Barringer,obarringer87@dedecms.com,Male,112.107.146.224
397,Terza,Tooze,ttooze88@goodreads.com,Female,251.243.28.68
398,Elicia,Cristofanini,ecristofanini89@newsvine.com,Female,179.228.113.183
399,Ellswerth,Coxhell,ecoxhell8a@bizjournals.com,Male,192.81.45.133
400,Urson,Rives,urives8b@pen.io,Male,13.118.128.56
401,Iona,Duckerin,iduckerin8c@tmall.com,Female,212.141.238.128
402,Kerry,Heasly,kheasly8d@tinypic.com,Female,59.195.200.193
403,Cherin,Durbyn,cdurbyn8e@weather.com,Female,151.63.161.146
404,Gustavus,Tutton,gtutton8f@gmpg.org,Male,144.173.90.85
405,Theodoric,Troy,ttroy8g@thetimes.co.uk,Male,121.8.225.175
406,Maridel,Hebbs,mhebbs8h@networksolutions.com,Female,147.39.92.15
407,Billy,Pyer,bpyer8i@wikimedia.org,Female,189.199.37.18
408,Reyna,Baleine,rbaleine8j@nasa.gov,Female,136.185.63.65
409,Cy,Ewbank,cewbank8k@reference.com,Polygender,124.250.212.81
410,Andros,Loach,aloach8l@wikispaces.com,Male,7.59.76.118
411,Alaster,Siddons,asiddons8m@xing.com,Male,47.190.29.101
412,Hamlen,Welton,hwelton8n@yellowpages.com,Male,108.80.63.235
413,Ethan,Derrington,ederrington8o@paginegialle.it,Male,231.208.169.231
414,Ardis,Wisdom,awisdom8p@wired.com,Female,133.232.187.124
415,Thea,Croxley,tcroxley8q@tuttocitta.it,Female,131.22.76.142
416,Lucilia,Bloxham,lbloxham8r@cyberchimps.com,Female,11.86.242.147
417,Linette,Killgus,lkillgus8s@mediafire.com,Female,209.101.4.145
418,Rhys,Hunnaball,rhunnaball8t@bbb.org,Male,174.224.232.41
419,Rickie,Duchatel,rduchatel8u@jigsy.com,Male,226.91.191.101
420,Consuela,Giacomi,cgiacomi8v@home.pl,Female,26.168.232.23
421,Abbot,Jodlowski,ajodlowski8w@oakley.com,Male,118.250.142.113
422,Mickie,Partington,mpartington8x@examiner.com,Male,202.61.14.218
423,Reynard,Dowty,rdowty8y@edublogs.org,Male,20.217.214.39
424,Corey,Ghest,cghest8z@cyberchimps.com,Female,231.111.104.150
425,Josepha,Cello,jcello90@adobe.com,Female,135.171.9.216
426,Rees,Marchenko,rmarchenko91@zimbio.com,Male,159.155.133.114
427,Worthy,Aizkovitch,waizkovitch92@godaddy.com,Agender,200.116.237.128
428,Caryl,Smoth,csmoth93@senate.gov,Female,83.56.95.82
429,Raddie,Cockaday,rcockaday94@php.net,Male,20.188.27.58
430,Billie,Ivanyushin,bivanyushin95@bloomberg.com,Non-binary,139.238.153.190
431,Bessie,Blaxall,bblaxall96@flavors.me,Female,130.101.10.132
432,Regine,Huchot,rhuchot97@php.net,Female,86.137.155.54
433,Emylee,Grzegorzewicz,egrzegorzewicz98@creativecommons.org,Female,253.162.148.254
434,Reese,Ivanaev,rivanaev99@tinyurl.com,Male,79.68.217.83
435,Ingunna,Nunnery,inunnery9a@quantcast.com,Polygender,73.95.222.139
436,Wenona,Aery,waery9b@vinaora.com,Female,121.248.200.16
437,Rusty,Stonall,rstonall9c@opensource.org,Male,154.247.74.157
438,Alisha,Bauld,abauld9d@godaddy.com,Female,138.196.95.84
439,Devan,Dinzey,ddinzey9e@forbes.com,Female,69.250.178.83
440,Devin,Djurdjevic,ddjurdjevic9f@yellowbook.com,Female,30.69.73.248
441,Adara,Pendreigh,apendreigh9g@prweb.com,Female,58.28.44.144
442,Warren,Force,wforce9h@amazon.com,Male,12.214.254.155
443,Dulcia,Gillebride,dgillebride9i@is.gd,Female,237.125.88.24
444,Blayne,Culver,bculver9j@unicef.org,Male,11.191.2.221
445,Kienan,McClelland,kmcclelland9k@vkontakte.ru,Male,202.85.62.0
446,Maurene,Geering,mgeering9l@latimes.com,Female,245.13.34.103
447,Angy,Pawlata,apawlata9m@theguardian.com,Female,153.229.69.234
448,Aurea,Carnihan,acarnihan9n@lycos.com,Female,155.56.180.63
449,Hamid,Bockett,hbockett9o@ucla.edu,Male,96.155.35.206
450,Hi,Outright,houtright9p@cmu.edu,Male,86.88.253.19
451,Roxanna,Plumbridge,rplumbridge9q@whitehouse.gov,Female,177.165.139.168
452,Cyrus,Drowsfield,cdrowsfield9r@woothemes.com,Male,11.195.218.127
453,Nonna,De Stoop,ndestoop9s@nydailynews.com,Female,161.221.234.189
454,Dido,Wahner,dwahner9t@techcrunch.com,Female,237.128.181.112
455,Maura,Garnson,mgarnson9u@over-blog.com,Female,46.66.35.146
456,Etta,Faithfull,efaithfull9v@dropbox.com,Female,151.20.40.237
457,Briney,Colbeck,bcolbeck9w@livejournal.com,Female,149.147.168.164
458,Tabby,Athy,tathy9x@washingtonpost.com,Female,103.168.61.194
459,Chalmers,Talman,ctalman9y@bizjournals.com,Male,220.21.186.178
460,Bobby,Gantley,bgantley9z@fema.gov,Female,25.35.148.54
461,Nalani,Kerrich,nkerricha0@de.vu,Female,75.16.204.202
462,Umberto,Nuton,unutona1@surveymonkey.com,Male,63.42.51.215
463,Blaine,Izard,bizarda2@fc2.com,Non-binary,240.253.106.175
464,Iago,Puddifer,ipuddifera3@scientificamerican.com,Male,213.181.234.148
465,Connie,Robuchon,crobuchona4@google.ru,Male,231.229.143.41
466,Averil,Manchett,amanchetta5@odnoklassniki.ru,Male,140.205.25.155
467,Tera,Hessing,thessinga6@senate.gov,Female,156.53.213.43
468,Llewellyn,Langcaster,llangcastera7@seattletimes.com,Male,16.97.74.18
469,Rock,Rickerby,rrickerbya8@psu.edu,Male,238.222.210.70
470,Eugenio,Ghiotto,eghiottoa9@vistaprint.com,Male,34.214.119.79
471,Karia,Simonelli,ksimonelliaa@freewebs.com,Female,48.151.170.63
472,Tab,Cisland,tcislandab@adobe.com,Male,71.247.85.58
473,Cheslie,Gaitley,cgaitleyac@npr.org,Female,191.238.244.67
474,Paxon,Thumim,pthumimad@digg.com,Male,204.251.51.75
475,Tiphany,Giffard,tgiffardae@wired.com,Female,14.85.237.42
476,Web,Johnsey,wjohnseyaf@blogspot.com,Male,80.83.102.12
477,Danyelle,O' Clovan,doclovanag@google.com.hk,Female,203.95.109.5
478,Kelley,Spikeings,kspikeingsah@ameblo.jp,Polygender,147.218.13.18
479,Sheffie,Stebbins,sstebbinsai@weebly.com,Male,91.34.210.132
480,Lilah,Lashmar,llashmaraj@nymag.com,Female,83.72.1.68
481,Darla,Jina,djinaak@hud.gov,Female,119.105.248.172
482,Ev,Flori,eflorial@purevolume.com,Male,148.20.195.114
483,Archer,Strongitharm,astrongitharmam@cnet.com,Male,65.83.120.15
484,Malorie,McGaugie,mmcgaugiean@canalblog.com,Female,241.74.157.23
485,Tadeas,Freyne,tfreyneao@booking.com,Male,244.137.201.17
486,Kalindi,Norewood,knorewoodap@sciencedaily.com,Female,94.250.11.223
487,Pauly,Ackermann,packermannaq@npr.org,Male,61.89.251.94
488,Thomas,Faithfull,tfaithfullar@shareasale.com,Male,73.59.166.184
489,Danika,Lemme,dlemmeas@tinypic.com,Female,102.215.4.53
490,Ody,Stell,ostellat@acquirethisname.com,Male,7.249.70.46
491,Gabrielle,Garrelts,ggarreltsau@tumblr.com,Female,18.216.11.134
492,Taddeusz,Gooderick,tgooderickav@bigcartel.com,Male,3.56.66.90
493,Bria,Gruszka,bgruszkaaw@a8.net,Female,81.62.161.47
494,Rebe,Cansdale,rcansdaleax@xinhuanet.com,Female,45.12.193.195
495,Remus,Padgett,rpadgettay@webeden.co.uk,Male,226.127.59.171
496,Vinnie,Boothebie,vboothebieaz@cmu.edu,Male,226.220.123.129
497,Frederique,Clemon,fclemonb0@usgs.gov,Female,202.150.173.194
498,Binky,Listone,blistoneb1@mapquest.com,Male,208.128.210.177
499,Kelila,Ellcock,kellcockb2@spiegel.de,Female,58.0.103.147
500,Fletcher,Kieff,fkieffb3@spiegel.de,Male,223.58.209.122
501,Sileas,Morrice,smorriceb4@ftc.gov,Female,74.82.117.145
502,Howey,Keoghane,hkeoghaneb5@vk.com,Male,160.101.117.74
503,Aliza,Catchpole,acatchpoleb6@examiner.com,Female,97.157.146.235
504,Courtnay,Sant,csantb7@ning.com,Female,232.88.181.138
505,Christoper,Skace,cskaceb8@theguardian.com,Genderqueer,200.37.154.76
506,Gino,Livett,glivettb9@qq.com,Male,234.94.105.203
507,Nealson,Starking,nstarkingba@ox.ac.uk,Male,172.211.70.243
508,Valentine,Houndsom,vhoundsombb@istockphoto.com,Bigender,53.62.73.32
509,Esmeralda,Stuttman,estuttmanbc@ameblo.jp,Female,171.200.160.126
510,Cori,Kalb,ckalbbd@mozilla.com,Male,76.146.201.237
511,Rafferty,Baudasso,rbaudassobe@scribd.com,Male,160.79.133.108
512,Georges,Harniman,gharnimanbf@cdc.gov,Male,202.129.36.181
513,Allyn,Darrigoe,adarrigoebg@51.la,Female,57.230.29.108
514,Lotty,Parman,lparmanbh@exblog.jp,Female,111.38.176.217
515,Charlie,Marquese,cmarquesebi@i2i.jp,Male,186.5.26.146
516,Nikkie,Shedden,nsheddenbj@artisteer.com,Female,50.182.102.98
517,Brenden,Trattles,btrattlesbk@ovh.net,Male,235.211.164.56
518,Glenn,Ricco,griccobl@elpais.com,Male,208.220.228.47
519,Carolin,Cantrell,ccantrellbm@shop-pro.jp,Female,228.244.49.190
520,Marchall,Klausewitz,mklausewitzbn@salon.com,Male,245.10.62.127
521,Willem,Filchagin,wfilchaginbo@over-blog.com,Male,64.16.62.152
522,Christal,Blackaby,cblackabybp@ftc.gov,Female,148.166.68.193
523,Nicolas,Murtell,nmurtellbq@wikispaces.com,Male,234.67.168.87
524,Graeme,Passie,gpassiebr@disqus.com,Male,190.176.68.207
525,Jimmie,Nano,jnanobs@globo.com,Male,205.82.51.153
526,Bonni,Orthmann,borthmannbt@google.de,Female,49.81.41.55
527,Libbie,Ghiriardelli,lghiriardellibu@harvard.edu,Female,41.157.7.192
528,Sisile,Dicte,sdictebv@nps.gov,Female,146.149.191.231
529,Eadie,Reast,ereastbw@apple.com,Female,156.181.98.6
530,Joel,Brandoni,jbrandonibx@hubpages.com,Male,140.115.18.164
531,Rozella,Andrichuk,randrichukby@elpais.com,Female,8.34.89.250
532,Dillie,Spilsbury,dspilsburybz@adobe.com,Male,26.183.120.37
533,Elwin,Keuning,ekeuningc0@yelp.com,Male,167.114.80.31
534,Elvin,Durn,edurnc1@addtoany.com,Male,206.187.42.3
535,Vernor,Skullet,vskulletc2@pagesperso-orange.fr,Male,225.87.159.182
536,Rozamond,Veld,rveldc3@google.es,Female,248.93.22.210
537,Ludvig,Espinet,lespinetc4@senate.gov,Male,184.83.90.170
538,Willy,Trask,wtraskc5@about.me,Female,215.46.72.246
539,Glynn,Chalcraft,gchalcraftc6@xrea.com,Genderqueer,183.225.151.49
540,Paquito,Adrien,padrienc7@51.la,Male,63.50.156.244
541,Austin,Southard,asouthardc8@jigsy.com,Female,157.173.197.8
542,Fleurette,Lonsbrough,flonsbroughc9@sakura.ne.jp,Genderqueer,101.223.186.6
543,Theresina,MacMeekan,tmacmeekanca@so-net.ne.jp,Female,24.6.248.37
544,Pieter,Goundry,pgoundrycb@blogspot.com,Male,68.245.207.98
545,Corliss,Eteen,ceteencc@indiegogo.com,Female,107.177.119.122
546,Farley,Lownie,flowniecd@netscape.com,Male,75.225.117.168
547,Jacqueline,Skryne,jskrynece@deliciousdays.com,Female,23.63.249.40
548,Somerset,Fatharly,sfatharlycf@deliciousdays.com,Male,212.39.203.102
549,Fidelity,Dowall,fdowallcg@dedecms.com,Female,106.58.222.209
550,Ole,Graeser,ograeserch@people.com.cn,Male,99.1.107.118
551,Asher,Tubridy,atubridyci@reverbnation.com,Male,12.203.28.203
552,Alix,Adkin,aadkincj@imdb.com,Male,241.86.108.77
553,Patty,McVanamy,pmcvanamyck@washingtonpost.com,Male,95.232.78.67
554,Hammad,Fawltey,hfawlteycl@networksolutions.com,Non-binary,125.212.104.0
555,Hort,Rosenboim,hrosenboimcm@wordpress.org,Male,86.21.46.41
556,Lola,Khomishin,lkhomishincn@soup.io,Female,215.221.42.20
557,Marylinda,Stellino,mstellinoco@yelp.com,Female,204.189.137.249
558,Natale,Pittle,npittlecp@walmart.com,Male,142.156.5.178
559,Ronald,Cordrey,rcordreycq@usnews.com,Male,62.137.81.72
560,Abigale,Arthan,aarthancr@comsenz.com,Polygender,8.22.139.46
561,Stern,Dugan,sdugancs@bbb.org,Male,223.118.38.44
562,Lavena,McMylor,lmcmylorct@usatoday.com,Female,225.197.79.11
563,Erwin,Mcettrick,emcettrickcu@acquirethisname.com,Male,195.119.15.200
564,Sabine,Wickendon,swickendoncv@infoseek.co.jp,Female,150.79.254.107
565,Teddy,Osgarby,tosgarbycw@blinklist.com,Female,234.170.26.10
566,Antonin,Shearstone,ashearstonecx@google.fr,Genderfluid,80.212.12.216
567,Arley,Sperring,asperringcy@cbslocal.com,Male,75.215.128.176
568,Yvon,Abelov,yabelovcz@joomla.org,Male,210.226.96.227
569,Danice,Whitby,dwhitbyd0@blog.com,Female,222.72.93.211
570,Brand,Orgel,borgeld1@gnu.org,Genderfluid,242.168.183.30
571,Davidson,Rawsthorn,drawsthornd2@furl.net,Male,78.85.225.134
572,Barr,Vasyukhichev,bvasyukhichevd3@istockphoto.com,Male,27.8.68.129
573,Johnette,Medforth,jmedforthd4@topsy.com,Female,163.36.222.99
574,Luce,Sill,lsilld5@hubpages.com,Female,206.242.255.22
575,Lindsey,Cometti,lcomettid6@mashable.com,Male,61.88.47.91
576,Alyss,Darridon,adarridond7@boston.com,Female,49.154.26.222
577,Helyn,Lamas,hlamasd8@uol.com.br,Female,224.138.5.53
578,Jamesy,Welbrock,jwelbrockd9@walmart.com,Male,192.225.165.142
579,Dedra,Mompesson,dmompessonda@lycos.com,Female,161.208.183.211
580,Flint,Kreuzer,fkreuzerdb@nationalgeographic.com,Male,89.77.88.241
581,Tedman,Bristow,tbristowdc@europa.eu,Male,76.91.122.207
582,Marion,Risbie,mrisbiedd@usgs.gov,Male,123.25.188.98
583,Wilmer,Dockerty,wdockertyde@amazon.de,Male,134.169.165.178
584,Ansel,Chang,achangdf@stumbleupon.com,Male,192.20.218.66
585,Marcille,McDool,mmcdooldg@tinypic.com,Female,26.246.32.136
586,Olag,Ringsell,oringselldh@nydailynews.com,Male,28.32.35.138
587,Dannye,Frusher,dfrusherdi@4shared.com,Non-binary,95.194.166.180
588,Elvira,Liggett,eliggettdj@theglobeandmail.com,Non-binary,92.195.147.55
589,Jerrold,Haney,jhaneydk@mtv.com,Male,55.64.160.13
590,Calhoun,Ladloe,cladloedl@skype.com,Male,10.220.2.204
591,Christean,Elleyne,celleynedm@nymag.com,Female,130.75.254.94
592,Tanny,Flooks,tflooksdn@google.com.hk,Male,44.179.185.37
593,Devon,Kingh,dkinghdo@flickr.com,Female,131.218.44.75
594,Bordy,Dominichelli,bdominichellidp@constantcontact.com,Male,205.47.188.81
595,Pammie,Benzi,pbenzidq@xing.com,Female,192.245.23.119
596,Iosep,Capehorn,icapehorndr@tripadvisor.com,Male,111.134.99.49
597,Fayette,Magwood,fmagwoodds@taobao.com,Female,162.220.7.90
598,Bayard,Hedan,bhedandt@purevolume.com,Male,13.54.238.89
599,Thatcher,Kingsman,tkingsmandu@constantcontact.com,Male,216.193.124.136
600,Adora,Kordas,akordasdv@pinterest.com,Female,199.1.34.6
601,Christian,Alanbrooke,calanbrookedw@com.com,Female,135.209.41.157
602,Chrissy,Hinkins,chinkinsdx@amazon.co.jp,Female,32.208.130.6
603,Irma,Goley,igoleydy@smh.com.au,Female,195.174.251.241
604,Lawton,Placide,lplacidedz@indiatimes.com,Male,178.154.232.42
605,Aaren,Mellenby,amellenbye0@pcworld.com,Female,178.65.105.198
606,Luise,Guntrip,lguntripe1@squarespace.com,Female,208.3.241.185
607,Earlie,Minifie,eminifiee2@drupal.org,Male,26.181.149.231
608,Hamid,Monk,hmonke3@omniture.com,Male,230.17.236.42
609,Darn,Hadrill,dhadrille4@economist.com,Male,204.65.172.163
610,Bear,Wellen,bwellene5@hud.gov,Male,227.65.81.26
611,Jermayne,Turmel,jturmele6@digg.com,Male,50.134.8.112
612,Adelaide,Stopford,astopforde7@goodreads.com,Female,79.133.173.57
613,Terza,Povlsen,tpovlsene8@paginegialle.it,Female,31.79.227.248
614,Walden,Dzeniskevich,wdzeniskeviche9@flavors.me,Male,32.129.229.182
615,Philbert,Rankmore,prankmoreea@prnewswire.com,Male,35.44.136.127
616,Roana,Stockbridge,rstockbridgeeb@wikispaces.com,Female,142.121.198.126
617,Cesaro,Houseago,chouseagoec@oaic.gov.au,Male,53.62.169.116
618,Keane,Bliven,kblivened@e-recht24.de,Male,216.182.152.73
619,Sigismond,Sprulls,ssprullsee@blog.com,Genderfluid,110.10.32.201
620,Vasily,Amps,vampsef@opera.com,Male,59.156.132.162
621,Erhard,Norquay,enorquayeg@quantcast.com,Male,142.238.12.249
622,Freddi,Coverdale,fcoverdaleeh@paginegialle.it,Female,146.110.40.179
623,Albertine,Poytheras,apoytherasei@nsw.gov.au,Female,87.42.190.142
624,Kristien,Mishaw,kmishawej@globo.com,Female,14.47.44.224
625,Gun,Sprade,gspradeek@theglobeandmail.com,Male,12.28.171.230
626,Betta,Catchpole,bcatchpoleel@ucsd.edu,Female,126.218.121.120
627,Pascale,Turbard,pturbardem@guardian.co.uk,Male,74.107.246.127
628,Eustace,Clay,eclayen@ftc.gov,Male,111.176.249.63
629,Portia,Hansel,phanseleo@sina.com.cn,Female,171.61.197.126
630,Alvina,Grotty,agrottyep@patch.com,Female,40.173.213.146
631,Worden,Leborgne,wleborgneeq@nba.com,Male,231.108.251.92
632,Juline,Sheppey,jsheppeyer@creativecommons.org,Female,48.64.251.111
633,Roana,Beagan,rbeaganes@sun.com,Female,181.237.29.74
634,Bert,Dudbridge,bdudbridgeet@accuweather.com,Female,164.185.176.215
635,Harley,Faircloth,hfairclotheu@un.org,Female,50.166.96.160
636,Chen,Tayler,ctaylerev@hao123.com,Male,182.179.122.166
637,Jere,Ambrogioli,jambrogioliew@businesswire.com,Female,18.116.229.231
638,Craggy,Bircher,cbircherex@nps.gov,Male,62.23.205.165
639,Christalle,Hrishchenko,chrishchenkoey@yahoo.com,Female,93.63.162.13
640,Wilbur,Bielfeldt,wbielfeldtez@nature.com,Male,91.29.127.120
641,Fionnula,Slocket,fslocketf0@vistaprint.com,Polygender,144.53.129.249
642,Cletis,Wenham,cwenhamf1@discovery.com,Male,92.2.4.98
643,Berkeley,Nertney,bnertneyf2@alexa.com,Male,140.193.211.132
644,Vergil,Treagus,vtreagusf3@nymag.com,Male,72.163.35.208
645,Mariya,Whal,mwhalf4@skype.com,Female,82.186.65.184
646,Benjamin,Chippin,bchippinf5@usgs.gov,Male,1.76.52.149
647,Ryley,Peakman,rpeakmanf6@purevolume.com,Male,210.249.150.227
648,Sheppard,Scrowson,sscrowsonf7@people.com.cn,Male,223.85.216.54
649,Bartholemy,Danat,bdanatf8@lulu.com,Male,98.236.72.223
650,Torrance,Demongeot,tdemongeotf9@loc.gov,Male,80.60.42.25
651,Antonia,Rudham,arudhamfa@umn.edu,Female,222.146.250.130
652,Poppy,Villalta,pvillaltafb@networkadvertising.org,Female,195.227.130.218
653,Kippy,Fullick,kfullickfc@meetup.com,Male,102.103.135.158
654,Mikey,Aylmore,maylmorefd@mozilla.com,Genderqueer,222.33.65.97
655,Mattias,Siaskowski,msiaskowskife@wordpress.com,Male,109.120.141.97
656,Siffre,Stredder,sstredderff@si.edu,Male,22.218.32.109
657,June,Clines,jclinesfg@baidu.com,Female,132.203.31.228
658,Lorelle,Mansel,lmanselfh@nyu.edu,Female,39.210.131.104
659,Mureil,Santer,msanterfi@i2i.jp,Female,42.77.85.115
660,Manda,Waplington,mwaplingtonfj@fema.gov,Female,65.9.195.105
661,Elliot,Edgin,eedginfk@histats.com,Male,238.67.161.164
662,Chandra,Brearty,cbreartyfl@goo.ne.jp,Agender,70.104.222.221
663,Abram,Lavalde,alavaldefm@sina.com.cn,Male,7.74.229.152
664,Malia,Hamor,mhamorfn@over-blog.com,Female,48.32.100.115
665,Xena,Segar,xsegarfo@webeden.co.uk,Female,13.254.241.104
666,Wylie,Rutty,wruttyfp@bloglovin.com,Male,131.178.185.165
667,Harry,Willsmore,hwillsmorefq@prlog.org,Agender,162.7.181.123
668,Leroy,Scamel,lscamelfr@alexa.com,Male,69.192.167.92
669,Cindie,Rockall,crockallfs@over-blog.com,Female,146.149.245.53
670,Cassandre,Trickett,ctrickettft@bing.com,Female,17.139.175.160
671,Eliot,Vlasov,evlasovfu@guardian.co.uk,Male,86.217.39.181
672,Penny,Sunman,psunmanfv@dot.gov,Male,166.159.28.71
673,Christin,Lownes,clownesfw@smh.com.au,Female,89.216.200.245
674,Lianne,Olenikov,lolenikovfx@posterous.com,Female,214.171.75.41
675,Hazel,Morrad,hmorradfy@nydailynews.com,Male,127.221.208.126
676,Clementine,Hovert,chovertfz@barnesandnoble.com,Female,50.81.31.227
677,Muffin,Whife,mwhifeg0@xing.com,Female,37.248.31.63
678,Der,Colliford,dcollifordg1@dell.com,Male,2.77.159.156
679,Shelton,Montrose,smontroseg2@ow.ly,Male,150.160.59.7
680,Kayley,Crunden,kcrundeng3@economist.com,Female,28.181.48.200
681,Paulina,Dollen,pdolleng4@stanford.edu,Genderfluid,233.98.164.156
682,Rica,Pole,rpoleg5@wunderground.com,Female,247.165.0.3
683,Mateo,Dawes,mdawesg6@ameblo.jp,Male,202.249.14.245
684,Roby,Georgelin,rgeorgeling7@reddit.com,Female,244.126.130.221
685,Ginelle,Branchett,gbranchettg8@sphinn.com,Female,71.129.30.101
686,Basil,Kacheller,bkachellerg9@4shared.com,Genderfluid,80.13.93.183
687,Shae,Goldie,sgoldiega@1und1.de,Male,177.187.6.112
688,Patricia,Kolak,pkolakgb@taobao.com,Female,75.18.81.151
689,Lorilee,Wagon,lwagongc@nhs.uk,Female,204.7.151.102
690,Lark,Tollit,ltollitgd@telegraph.co.uk,Female,27.203.14.203
691,Archambault,Straffon,astraffonge@oaic.gov.au,Male,168.125.23.104
692,Bar,Southwell,bsouthwellgf@flavors.me,Male,4.150.42.113
693,Margarita,Macconaghy,mmacconaghygg@merriam-webster.com,Female,42.81.62.114
694,Lauren,Conor,lconorgh@flickr.com,Male,190.114.16.255
695,Felice,Belcher,fbelchergi@instagram.com,Male,54.171.238.145
696,Ediva,Portchmouth,eportchmouthgj@ovh.net,Female,61.37.220.253
697,Travus,Helliwell,thelliwellgk@timesonline.co.uk,Male,226.52.66.156
698,Cherey,McMarquis,cmcmarquisgl@miibeian.gov.cn,Female,41.200.177.150
699,Thornton,Fitzroy,tfitzroygm@fema.gov,Male,21.145.225.174
700,Grethel,Johnson,gjohnsongn@state.tx.us,Female,198.255.157.214
701,Edan,O'Cahsedy,eocahsedygo@google.fr,Male,230.132.211.193
702,Alejoa,Kasbye,akasbyegp@google.ca,Male,130.202.19.1
703,Garner,Folder,gfoldergq@freewebs.com,Male,109.64.145.183
704,Emmott,Benson,ebensongr@nasa.gov,Male,240.216.179.173
705,Brittney,Burfield,bburfieldgs@bloomberg.com,Female,89.19.193.208
706,Hermine,Faulo,hfaulogt@kickstarter.com,Female,13.35.168.176
707,Kerby,Courtois,kcourtoisgu@dot.gov,Male,168.168.20.195
708,Efrem,Gaynor,egaynorgv@java.com,Male,138.232.190.76
709,Shermie,Bedo,sbedogw@reuters.com,Male,26.106.228.95
710,Caresa,Clewes,cclewesgx@ebay.co.uk,Female,72.46.168.203
711,Stefanie,Domenici,sdomenicigy@cornell.edu,Female,92.172.20.213
712,Griswold,Naldrett,gnaldrettgz@google.nl,Male,187.95.222.248
713,Erich,Closs,eclossh0@apple.com,Male,241.222.39.174
714,Brewer,Freda,bfredah1@nymag.com,Male,106.246.86.169
715,Crichton,Pavier,cpavierh2@intel.com,Male,147.9.88.135
716,Cindie,Trevaskiss,ctrevaskissh3@sbwire.com,Female,140.203.145.107
717,Mignonne,Ollington,mollingtonh4@hexun.com,Female,30.144.116.77
718,Goober,Combe,gcombeh5@live.com,Male,186.181.206.189
719,Ivor,Cutridge,icutridgeh6@wix.com,Male,41.158.85.23
720,Delmore,Maccrie,dmaccrieh7@dailymotion.com,Male,255.22.205.168
721,Benedicta,Eilers,beilersh8@seesaa.net,Female,76.206.39.204
722,Petra,Crowe,pcroweh9@webs.com,Female,49.212.155.253
723,Marybelle,Worvill,mworvillha@rakuten.co.jp,Female,158.38.232.56
724,Allistir,Rime,arimehb@nsw.gov.au,Male,110.141.179.255
725,Thatch,Latch,tlatchhc@opera.com,Male,89.128.119.88
726,Mavis,Vaud,mvaudhd@gov.uk,Female,180.240.15.33
727,Diarmid,Aldwich,daldwichhe@patch.com,Male,64.223.220.243
728,Emmery,Crawcour,ecrawcourhf@ovh.net,Male,99.141.237.121
729,Gwendolin,Spours,gspourshg@businessinsider.com,Female,223.75.51.240
730,Joyce,Hartless,jhartlesshh@odnoklassniki.ru,Female,244.228.118.182
731,Jaquelin,Hayto,jhaytohi@weebly.com,Female,162.6.210.150
732,De,Archell,darchellhj@vimeo.com,Agender,29.109.152.123
733,Timmy,Buret,tburethk@phpbb.com,Male,76.57.159.121
734,Elwood,Oxlee,eoxleehl@rambler.ru,Non-binary,237.176.85.240
735,Curcio,Ovenden,covendenhm@mit.edu,Male,173.21.89.40
736,Cammi,Stocken,cstockenhn@addtoany.com,Female,36.22.235.233
737,Samara,Cumo,scumoho@census.gov,Female,22.123.139.195
738,Josy,Macbeth,jmacbethhp@shareasale.com,Genderqueer,192.183.100.97
739,Lowe,Pendrey,lpendreyhq@goo.ne.jp,Male,179.45.148.159
740,Kayle,Parfrey,kparfreyhr@addtoany.com,Female,109.223.163.135
741,Minny,LeEstut,mleestuths@imdb.com,Female,183.37.118.72
742,Tannie,Rozenbaum,trozenbaumht@google.com.hk,Male,144.190.97.7
743,Sherry,Hick,shickhu@apple.com,Female,76.170.219.249
744,Dewie,Woodall,dwoodallhv@about.me,Male,171.213.44.88
745,Corilla,Dumbelton,cdumbeltonhw@boston.com,Female,55.24.69.152
746,Suellen,Thornborrow,sthornborrowhx@comcast.net,Female,233.45.127.122
747,Batholomew,Pippin,bpippinhy@ebay.co.uk,Bigender,44.177.64.25
748,Valentina,D'Andrea,vdandreahz@google.co.uk,Female,245.66.204.135
749,Bil,Watters,bwattersi0@mysql.com,Genderqueer,146.194.189.8
750,Maximilianus,Longmate,mlongmatei1@wix.com,Male,249.148.197.203
751,Tait,Eblein,tebleini2@paginegialle.it,Male,195.185.240.165
752,Spike,Shewery,ssheweryi3@istockphoto.com,Male,130.251.57.192
753,Orelee,Tremoulet,otremouleti4@skype.com,Polygender,28.155.9.247
754,Prudi,Wheadon,pwheadoni5@smh.com.au,Female,88.204.31.93
755,Wrennie,Cumo,wcumoi6@intel.com,Female,148.150.155.133
756,Mae,Perle,mperlei7@ycombinator.com,Female,231.193.12.203
757,Gare,Locke,glockei8@devhub.com,Male,203.5.57.188
758,Adrian,Riveles,arivelesi9@woothemes.com,Male,148.119.248.221
759,Morse,O'Lenechan,molenechania@earthlink.net,Male,98.225.84.49
760,Quinta,Joanic,qjoanicib@fema.gov,Genderfluid,156.95.75.68
761,Sylvan,Beentjes,sbeentjesic@elpais.com,Male,88.233.147.40
762,Cob,Olding,coldingid@canalblog.com,Male,169.253.90.180
763,Rutledge,Nassie,rnassieie@ca.gov,Male,24.8.189.251
764,Wiatt,Livzey,wlivzeyif@github.com,Male,119.41.167.186
765,Chauncey,Tompkins,ctompkinsig@technorati.com,Male,18.70.74.110
766,Taber,De Domenico,tdedomenicoih@weibo.com,Male,228.183.235.57
767,Pammi,Struijs,pstruijsii@mapquest.com,Polygender,89.14.82.227
768,Opaline,Bardwall,obardwallij@infoseek.co.jp,Female,199.131.77.196
769,Muffin,Casa,mcasaik@timesonline.co.uk,Male,161.71.169.54
770,Aluino,Climance,aclimanceil@ovh.net,Male,192.238.107.87
771,Geordie,Agnew,gagnewim@chron.com,Male,58.240.190.231
772,Cherie,Streetfield,cstreetfieldin@yelp.com,Non-binary,75.178.96.186
773,Susette,Lendon,slendonio@google.es,Female,18.219.148.133
774,Albie,Piatto,apiattoip@twitter.com,Male,93.65.201.247
775,Venus,Boldison,vboldisoniq@people.com.cn,Female,85.120.223.42
776,Lucienne,Mintoff,lmintoffir@toplist.cz,Female,78.49.104.52
777,Llewellyn,Grellier,lgrellieris@networksolutions.com,Male,186.97.44.100
778,Derrik,Bailes,dbailesit@ucla.edu,Male,199.33.201.135
779,Cati,Giraldon,cgiraldoniu@elegantthemes.com,Female,106.193.114.176
780,Lucho,Heistermann,lheistermanniv@java.com,Male,246.18.47.82
781,Avigdor,Kember,akemberiw@springer.com,Male,126.78.160.224
782,Annora,Buxsey,abuxseyix@marriott.com,Female,174.101.108.6
783,Verene,Ferrero,vferreroiy@barnesandnoble.com,Female,90.175.48.182
784,Dukey,Kliesl,dkliesliz@ucsd.edu,Male,104.196.21.173
785,Homer,Eglinton,heglintonj0@arstechnica.com,Male,58.253.222.42
786,Drucy,Canape,dcanapej1@ft.com,Female,195.118.35.126
787,Ulrika,Cristofor,ucristoforj2@java.com,Non-binary,45.11.160.142
788,Verge,Budgeon,vbudgeonj3@sakura.ne.jp,Male,118.177.183.237
789,Peyter,Haythorne,phaythornej4@moonfruit.com,Male,54.97.134.33
790,Davina,Covert,dcovertj5@cnbc.com,Female,107.67.94.118
791,Ellyn,Winnard,ewinnardj6@businessinsider.com,Female,209.91.136.16
792,Liv,Benettelli,lbenettellij7@samsung.com,Female,35.96.62.33
793,Ilka,Brockherst,ibrockherstj8@ucoz.com,Female,51.149.213.201
794,Halimeda,Berford,hberfordj9@theguardian.com,Female,139.200.248.56
795,Julia,Flucker,jfluckerja@mail.ru,Female,146.209.201.6
796,Martina,Brightling,mbrightlingjb@networkadvertising.org,Female,161.121.87.223
797,Ly,Maskew,lmaskewjc@livejournal.com,Male,211.8.2.20
798,Andrew,Sancho,asanchojd@answers.com,Male,16.66.27.76
799,Sallie,Munday,smundayje@privacy.gov.au,Female,113.244.22.47
800,Gilbert,Gerardin,ggerardinjf@paginegialle.it,Male,175.155.144.17
801,Gracie,McLagain,gmclagainjg@themeforest.net,Agender,212.158.159.209
802,Gustavus,Sinclair,gsinclairjh@artisteer.com,Male,244.178.203.161
803,Salaidh,Broadhurst,sbroadhurstji@discovery.com,Female,176.21.148.48
804,Marja,Hatje,mhatjejj@usda.gov,Female,192.31.252.211
805,Remington,Stoffels,rstoffelsjk@who.int,Male,12.121.107.168
806,Chad,Gariff,cgariffjl@odnoklassniki.ru,Male,18.141.1.25
807,Hali,Weild,hweildjm@youtube.com,Female,29.61.114.3
808,Nigel,Jagoe,njagoejn@friendfeed.com,Male,135.96.73.89
809,Thomasine,Tuckwood,ttuckwoodjo@mayoclinic.com,Female,239.72.160.120
810,Alphonso,Caddick,acaddickjp@bravesites.com,Male,8.148.113.105
811,Tedda,Smithers,tsmithersjq@auda.org.au,Female,15.90.38.164
812,Karie,McGibbon,kmcgibbonjr@blog.com,Non-binary,178.40.57.165
813,Kathrine,Meechan,kmeechanjs@hp.com,Female,95.93.110.18
814,Hoyt,Stoad,hstoadjt@auda.org.au,Male,16.198.247.102
815,Winne,Guislin,wguislinju@bizjournals.com,Female,184.19.221.113
816,Reyna,Abramovitz,rabramovitzjv@amazon.de,Female,80.121.11.119
817,Mohandis,Gregor,mgregorjw@storify.com,Male,75.22.96.193
818,Freeland,Gibbon,fgibbonjx@forbes.com,Male,180.125.70.102
819,Caitlin,Horsley,chorsleyjy@ebay.com,Female,104.111.187.95
820,Betsey,Britzius,bbritziusjz@deviantart.com,Female,137.236.254.211
821,Fremont,Wrought,fwroughtk0@ucoz.ru,Male,223.13.103.146
822,Giacinta,Ixor,gixork1@photobucket.com,Female,67.141.141.54
823,Kirsti,Sumsion,ksumsionk2@usda.gov,Bigender,83.84.150.173
824,Cedric,Paddick,cpaddickk3@newyorker.com,Male,22.116.227.52
825,Zelma,Faragher,zfaragherk4@nifty.com,Female,89.152.147.36
826,Sheri,Bridgwater,sbridgwaterk5@gmpg.org,Female,111.152.0.152
827,Joel,Chesterton,jchestertonk6@google.com.au,Male,156.184.79.216
828,Rod,Lownie,rlowniek7@deliciousdays.com,Male,224.162.58.66
829,Jorey,Sherrington,jsherringtonk8@goo.ne.jp,Female,238.12.72.250
830,Cristiano,Denisot,cdenisotk9@msu.edu,Genderfluid,210.105.96.21
831,Jobina,Davidovics,jdavidovicska@nba.com,Female,27.5.241.44
832,Johnathan,Morrish,jmorrishkb@huffingtonpost.com,Male,192.85.35.49
833,Sarine,Oran,sorankc@mapquest.com,Female,237.19.237.10
834,Ruby,Leaning,rleaningkd@weibo.com,Male,37.184.172.182
835,Gene,Starmer,gstarmerke@opera.com,Female,182.145.224.205
836,Terrill,Bestwick,tbestwickkf@exblog.jp,Polygender,186.7.203.5
837,Georgetta,Sjostrom,gsjostromkg@wikia.com,Female,17.179.2.174
838,Clara,Drain,cdrainkh@t-online.de,Genderqueer,190.126.178.126
839,Meara,Fawcitt,mfawcittki@ted.com,Female,106.238.93.166
840,Darill,Penhaligon,dpenhaligonkj@sphinn.com,Male,16.136.203.21
841,Gunther,Esberger,gesbergerkk@seattletimes.com,Male,12.91.29.193
842,Standford,Charnley,scharnleykl@exblog.jp,Agender,91.28.22.16
843,Flynn,Demchen,fdemchenkm@hexun.com,Non-binary,180.93.24.112
844,Mal,Cobbledick,mcobbledickkn@joomla.org,Male,198.228.203.229
845,Vevay,Vials,vvialsko@va.gov,Female,71.170.185.151
846,Clementine,Dines,cdineskp@nature.com,Female,233.253.216.72
847,Kermy,Farrer,kfarrerkq@bizjournals.com,Male,13.41.189.185
848,Charita,Davis,cdaviskr@e-recht24.de,Female,210.226.192.235
849,Angel,Philipp,aphilippks@forbes.com,Female,255.133.61.154
850,Aurthur,Ziemke,aziemkekt@amazon.com,Male,103.25.101.119
851,Eberhard,Demann,edemannku@vimeo.com,Male,100.129.239.36
852,Nathalie,Artrick,nartrickkv@liveinternet.ru,Female,247.13.244.241
853,Georgina,Laborde,glabordekw@tripadvisor.com,Female,66.45.64.183
854,Ermengarde,Ferne,efernekx@marriott.com,Female,92.218.58.6
855,Kaiser,Spellworth,kspellworthky@samsung.com,Male,239.159.38.86
856,Creighton,Berston,cberstonkz@mediafire.com,Male,99.216.103.20
857,Myranda,Juris,mjurisl0@cocolog-nifty.com,Genderqueer,117.34.234.131
858,Maible,Masding,mmasdingl1@webmd.com,Female,240.38.232.170
859,Cooper,Bing,cbingl2@nature.com,Male,226.209.214.211
860,Sylvan,Caistor,scaistorl3@comsenz.com,Male,158.20.86.105
861,Hayyim,Chatin,hchatinl4@sohu.com,Male,105.254.106.84
862,Edvard,Leyden,eleydenl5@marriott.com,Male,87.40.20.58
863,Guinna,Carlsen,gcarlsenl6@google.cn,Female,99.180.15.34
864,Ulrika,Bickers,ubickersl7@1688.com,Female,110.100.175.197
865,Cecilius,Lambard,clambardl8@ifeng.com,Male,4.50.205.81
866,Prescott,Frangleton,pfrangletonl9@sogou.com,Non-binary,175.112.220.106
867,Corella,Shields,cshieldsla@netscape.com,Female,10.109.99.126
868,Ariel,Bentje,abentjelb@list-manage.com,Male,84.140.20.165
869,Jude,Sidney,jsidneylc@va.gov,Male,161.203.102.223
870,Cissy,Wynrehame,cwynrehameld@huffingtonpost.com,Female,148.31.74.70
871,Frederico,Ambrosoni,fambrosonile@spiegel.de,Male,170.248.198.146
872,Helen,Hourahan,hhourahanlf@bloglines.com,Female,61.225.246.169
873,Sandra,Birdfield,sbirdfieldlg@unesco.org,Female,174.85.113.244
874,Dalt,Ashwood,dashwoodlh@rambler.ru,Male,108.144.35.78
875,Mohandas,De Ambrosi,mdeambrosili@posterous.com,Male,48.228.255.118
876,Thorndike,Bountiff,tbountifflj@buzzfeed.com,Male,219.95.97.165
877,Rosalia,Shardlow,rshardlowlk@merriam-webster.com,Female,192.104.49.230
878,Sheilah,Paute,spautell@timesonline.co.uk,Female,125.180.148.52
879,Rudd,Goadby,rgoadbylm@amazon.com,Male,47.157.68.164
880,Barbi,Muttock,bmuttockln@w3.org,Female,201.139.54.25
881,Shaun,Alfonso,salfonsolo@infoseek.co.jp,Male,54.12.42.154
882,Elton,Georger,egeorgerlp@rakuten.co.jp,Male,151.20.129.143
883,Theodoric,Kerins,tkerinslq@wp.com,Male,69.102.19.120
884,Gates,Keaysell,gkeayselllr@ezinearticles.com,Non-binary,87.96.233.26
885,Farlee,Limeburner,flimeburnerls@cargocollective.com,Polygender,37.45.118.156
886,Rea,Sangra,rsangralt@ow.ly,Female,218.163.79.224
887,Tamarra,Kener,tkenerlu@jimdo.com,Female,64.110.231.56
888,Monah,Chominski,mchominskilv@plala.or.jp,Female,183.86.252.99
889,Christoforo,Gratrex,cgratrexlw@google.co.jp,Male,184.220.241.14
890,Isis,Tran,itranlx@livejournal.com,Female,55.105.13.147
891,Beverlie,Catchpole,bcatchpolely@mashable.com,Female,46.30.170.161
892,Morty,Orwin,morwinlz@weibo.com,Male,159.129.173.24
893,Caroljean,Edmondson,cedmondsonm0@bandcamp.com,Genderfluid,220.158.146.195
894,Izabel,Clutten,icluttenm1@123-reg.co.uk,Female,110.138.252.122
895,Sharai,Skotcher,sskotcherm2@wiley.com,Female,43.78.80.142
896,Paddy,Mateos,pmateosm3@t.co,Male,193.92.9.190
897,Cord,Coaker,ccoakerm4@homestead.com,Male,48.177.178.196
898,Filmer,Akerman,fakermanm5@parallels.com,Male,18.172.209.6
899,Janie,Gotthard,jgotthardm6@yale.edu,Female,36.44.26.56
900,Kathy,Lindenbaum,klindenbaumm7@nature.com,Agender,178.106.120.156
901,Major,Baunton,mbauntonm8@thetimes.co.uk,Male,127.32.49.130
902,Brodie,Ferrini,bferrinim9@nytimes.com,Male,73.94.215.196
903,Demott,Rumens,drumensma@twitter.com,Male,252.139.49.39
904,Alexei,Keddy,akeddymb@sciencedaily.com,Male,70.115.156.236
905,Eleen,Haylands,ehaylandsmc@dell.com,Female,85.35.93.154
906,Matelda,Saleway,msalewaymd@cam.ac.uk,Genderfluid,210.101.52.104
907,Donalt,Bawden,dbawdenme@oracle.com,Male,37.244.122.53
908,Abra,McOmish,amcomishmf@xinhuanet.com,Female,203.175.128.128
909,Fifine,Rennolds,frennoldsmg@timesonline.co.uk,Female,201.157.12.203
910,Tracy,Di Franceschi,tdifranceschimh@odnoklassniki.ru,Male,65.114.39.163
911,Britte,Ivachyov,bivachyovmi@apache.org,Female,253.121.27.197
912,Wynny,Kalewe,wkalewemj@statcounter.com,Female,108.41.17.109
913,Travis,Jozefowicz,tjozefowiczmk@sciencedaily.com,Male,185.107.157.15
914,Kliment,Foxwell,kfoxwellml@geocities.jp,Male,113.232.86.149
915,Hashim,Jeaneau,hjeaneaumm@ucoz.com,Male,85.244.161.245
916,Cam,Morforth,cmorforthmn@hibu.com,Male,125.18.171.165
917,Cassie,Bartot,cbartotmo@instagram.com,Male,80.190.25.34
918,Gabriel,Spilsted,gspilstedmp@examiner.com,Male,94.37.207.173
919,Duky,Lovering,dloveringmq@sun.com,Male,220.244.209.38
920,Krispin,Mickleborough,kmickleboroughmr@elpais.com,Male,93.17.167.87
921,Lyndy,Brusin,lbrusinms@webmd.com,Female,248.92.211.243
922,Trudie,Fawley,tfawleymt@berkeley.edu,Female,251.244.86.137
923,Raynell,Lempke,rlempkemu@psu.edu,Female,174.148.32.51
924,Leslie,Steuart,lsteuartmv@europa.eu,Female,120.174.43.4
925,Sim,Tottem,stottemmw@wp.com,Male,170.99.179.223
926,Celene,Filippucci,cfilippuccimx@g.co,Female,181.191.251.34
927,Sadie,Menhci,smenhcimy@bbb.org,Female,91.30.246.9
928,Keslie,Queyeiro,kqueyeiromz@narod.ru,Female,18.72.160.226
929,Ulrick,Pummell,upummelln0@godaddy.com,Male,203.217.130.252
930,Tomasina,Kollatsch,tkollatschn1@dailymotion.com,Female,89.31.171.132
931,Jarid,Donohue,jdonohuen2@w3.org,Male,181.228.2.84
932,Kati,Lawford,klawfordn3@dmoz.org,Female,105.8.214.91
933,Clarinda,Sailor,csailorn4@csmonitor.com,Female,189.246.5.103
934,Cherin,Gudahy,cgudahyn5@army.mil,Genderfluid,207.125.198.111
935,Laureen,Hutcheson,lhutchesonn6@weibo.com,Female,66.203.11.176
936,Ravid,Tomkowicz,rtomkowiczn7@ox.ac.uk,Male,167.102.140.54
937,Evania,Trowbridge,etrowbridgen8@china.com.cn,Genderqueer,235.135.9.33
938,Austin,Verdey,averdeyn9@imdb.com,Male,133.103.57.227
939,Pierre,Mullan,pmullanna@mayoclinic.com,Male,0.198.55.255
940,Boigie,MacDwyer,bmacdwyernb@google.pl,Male,10.12.116.26
941,Maiga,Mossman,mmossmannc@google.pl,Female,209.121.121.214
942,Jodie,Bollon,jbollonnd@nps.gov,Male,130.134.56.77
943,Clemens,Lapping,clappingne@addtoany.com,Male,94.64.207.147
944,Mandel,Ruffy,mruffynf@businessweek.com,Male,117.194.208.223
945,Nil,Heningam,nheningamng@addthis.com,Male,151.24.39.5
946,Amalee,Ianni,aianninh@dyndns.org,Female,234.88.187.72
947,Tamarra,Vassay,tvassayni@weebly.com,Female,232.86.123.183
948,Davide,Neachell,dneachellnj@topsy.com,Male,108.88.132.122
949,Siusan,Ledbetter,sledbetternk@nationalgeographic.com,Female,192.142.112.85
950,Dalt,Pizey,dpizeynl@cbslocal.com,Male,122.97.97.147
951,Dino,Tenbrug,dtenbrugnm@myspace.com,Male,116.229.186.140
952,Celka,Capron,ccapronnn@earthlink.net,Female,30.212.99.29
953,Luisa,Hallstone,lhallstoneno@msn.com,Female,98.179.15.206
954,Afton,Spinage,aspinagenp@npr.org,Female,105.219.179.241
955,Orelie,Rush,orushnq@google.ru,Polygender,242.101.149.52
956,Gorden,Lindenstrauss,glindenstraussnr@businessinsider.com,Male,167.4.143.129
957,Hewie,Gouthier,hgouthierns@cornell.edu,Male,163.112.108.172
958,Beatrice,Courvert,bcourvertnt@spiegel.de,Female,229.130.215.123
959,Bea,Colbourne,bcolbournenu@g.co,Female,49.76.45.59
960,Napoleon,Swiffen,nswiffennv@weebly.com,Non-binary,96.229.253.169
961,Normand,Fonzo,nfonzonw@marketwatch.com,Male,233.157.245.109
962,Gill,Kindell,gkindellnx@twitpic.com,Male,15.29.238.5
963,Drud,Kirkup,dkirkupny@ocn.ne.jp,Male,233.89.163.100
964,Chane,Ellsom,cellsomnz@gnu.org,Male,25.37.100.223
965,Damien,Hansley,dhansleyo0@joomla.org,Male,154.224.139.141
966,Torry,Pranger,tprangero1@privacy.gov.au,Bigender,200.233.161.106
967,Valma,Yarr,vyarro2@ifeng.com,Female,223.231.234.170
968,Darbee,Ferrucci,dferruccio3@xing.com,Male,11.61.108.207
969,Dido,Bollis,dbolliso4@disqus.com,Female,210.180.0.77
970,Bradney,Ramard,bramardo5@usnews.com,Male,73.51.109.152
971,Mollie,Bendtsen,mbendtseno6@godaddy.com,Female,148.247.123.209
972,Serge,Chretien,schretieno7@ed.gov,Male,102.196.127.143
973,Maggee,Wind,mwindo8@unicef.org,Female,120.195.161.35
974,Madella,Rablin,mrablino9@purevolume.com,Female,227.125.144.36
975,Cynde,Cainey,ccaineyoa@admin.ch,Female,237.149.247.245
976,Deva,Sieve,dsieveob@arstechnica.com,Female,115.205.114.45
977,Celestyna,Simonetto,csimonettooc@yahoo.co.jp,Female,127.219.125.233
978,Haywood,Gilardone,hgilardoneod@state.gov,Male,60.91.210.241
979,Lyle,Grasser,lgrasseroe@whitehouse.gov,Male,127.84.172.158
980,Jodi,Hickford,jhickfordof@is.gd,Male,165.200.249.182
981,Ann-marie,McTrusty,amctrustyog@toplist.cz,Genderqueer,244.30.67.39
982,Vin,Antczak,vantczakoh@ezinearticles.com,Male,77.64.182.185
983,Falito,Trenholme,ftrenholmeoi@google.com.br,Male,7.3.91.191
984,Brander,Leisk,bleiskoj@nasa.gov,Male,45.0.221.108
985,Gardner,Gahagan,ggahaganok@samsung.com,Genderqueer,138.228.43.146
986,Renae,Gargett,rgargettol@sbwire.com,Female,157.140.238.184
987,Lowrance,Sartain,lsartainom@eepurl.com,Male,85.143.143.82
988,Silvia,Laugherane,slaugheraneon@alibaba.com,Female,7.71.146.225
989,Allsun,Jones,ajonesoo@msn.com,Female,196.174.184.136
990,Jules,Bertomeu,jbertomeuop@cmu.edu,Male,243.55.210.168
991,Damara,Jahnke,djahnkeoq@house.gov,Female,179.195.166.160
992,Adaline,Haylock,ahaylockor@amazon.de,Polygender,99.55.9.34
993,Lonna,Billo,lbilloos@hud.gov,Female,36.141.35.93
994,Bree,Tunnicliffe,btunnicliffeot@typepad.com,Genderqueer,122.240.114.71
995,Chicky,Farrance,cfarranceou@house.gov,Male,222.61.107.153
996,Norma,Calver,ncalverov@accuweather.com,Female,4.185.145.147
997,Emery,Elldred,eelldredow@sina.com.cn,Male,247.188.74.15
998,Koenraad,Keese,kkeeseox@army.mil,Male,213.97.64.131
999,Cletis,Buttfield,cbuttfieldoy@list-manage.com,Male,248.50.144.143
1000,Noelyn,Klemmt,nklemmtoz@kickstarter.com,Female,208.193.32.65
1001,Juli,Clancy,jclancyp0@zimbio.com,Female,197.6.23.127
1002,Sig,Robertacci,srobertaccip1@sphinn.com,Male,238.46.47.23
1003,Belicia,Eliff,beliffp2@gmpg.org,Female,2.19.136.136
1004,Pepi,Caistor,pcaistorp3@odnoklassniki.ru,Female,36.119.97.145
1005,Sandro,Irnis,sirnisp4@statcounter.com,Male,220.28.131.121
1006,Carine,Garfitt,cgarfittp5@gov.uk,Female,221.246.116.121
1007,Sibby,Hickisson,shickissonp6@nymag.com,Female,177.162.37.20
1008,Delmor,Tussaine,dtussainep7@aol.com,Male,104.6.175.204
1009,Olivie,Seivwright,oseivwrightp8@naver.com,Genderqueer,64.97.128.252
1010,Olvan,Dulake,odulakep9@quantcast.com,Male,254.23.189.116
1011,Elsbeth,Duran,eduranpa@uiuc.edu,Female,248.32.217.245
1012,Marley,Leifer,mleiferpb@photobucket.com,Female,75.91.186.243
1013,Lincoln,Guiett,lguiettpc@tinypic.com,Male,45.38.221.132
1014,Son,Birtonshaw,sbirtonshawpd@pbs.org,Male,252.188.205.173
1015,Emilia,Galloway,egallowaype@amazon.co.uk,Female,214.255.229.134
1016,Simone,Camier,scamierpf@guardian.co.uk,Female,239.82.89.46
1017,Kerwin,Connichie,kconnichiepg@gnu.org,Genderfluid,91.93.26.223
1018,Orelie,Sarle,osarleph@naver.com,Bigender,38.134.126.77
1019,Padget,Kleingrub,pkleingrubpi@wsj.com,Male,251.40.214.103
1020,Maggie,Skuse,mskusepj@disqus.com,Bigender,64.145.161.225
1021,Alasteir,Pollie,apolliepk@merriam-webster.com,Male,252.22.116.249
1022,Richard,Santer,rsanterpl@addthis.com,Genderfluid,202.221.11.98
1023,Twyla,Routham,trouthampm@mtv.com,Bigender,225.247.115.69
1024,Parke,Baskeyfied,pbaskeyfiedpn@cornell.edu,Male,52.181.73.101
1025,Itch,Dinsmore,idinsmorepo@bravesites.com,Male,231.242.178.36
1026,Golda,Suero,gsueropp@prlog.org,Genderfluid,187.71.149.173
1027,Querida,Adelman,qadelmanpq@aol.com,Female,65.157.79.234
1028,Katina,Dillow,kdillowpr@ocn.ne.jp,Female,130.129.1.168
1029,Karim,Lough,kloughps@bravesites.com,Male,84.187.93.32
1030,Rodolphe,Kembry,rkembrypt@ifeng.com,Male,71.55.235.39
1031,Darice,Cleeve,dcleevepu@miitbeian.gov.cn,Female,90.160.116.140
1032,Jessy,Stable,jstablepv@domainmarket.com,Female,33.71.57.239
1033,Augusta,Outhwaite,aouthwaitepw@naver.com,Female,88.107.66.49
1034,Haze,Keets,hkeetspx@bing.com,Male,24.23.23.47
1035,Noe,Bagster,nbagsterpy@mtv.com,Male,56.205.141.34
1036,Kiley,Dietzler,kdietzlerpz@apple.com,Male,245.158.244.122
1037,Elva,Delhanty,edelhantyq0@utexas.edu,Genderqueer,117.252.192.202
1038,Heath,Drissell,hdrissellq1@skyrock.com,Male,7.243.100.168
1039,Berty,Rickerd,brickerdq2@globo.com,Male,232.92.112.156
1040,Miguela,Kupisz,mkupiszq3@phpbb.com,Female,247.82.57.122
1041,Margaretta,Renzullo,mrenzulloq4@posterous.com,Female,15.215.31.231
1042,Amandi,Kienle,akienleq5@slate.com,Female,85.162.189.236
1043,Welbie,Blamphin,wblamphinq6@techcrunch.com,Male,117.29.56.120
1044,Krystyna,Southouse,ksouthouseq7@pinterest.com,Female,250.159.98.180
1045,Elijah,Pinsent,epinsentq8@slashdot.org,Male,244.105.146.105
1046,Hurlee,Fatscher,hfatscherq9@dropbox.com,Male,229.205.246.187
1047,Garold,Czyz,gczyzqa@economist.com,Polygender,161.9.22.80
1048,Albina,Walczak,awalczakqb@yahoo.com,Female,133.230.228.167
1049,Wynnie,Dunkerly,wdunkerlyqc@behance.net,Female,171.199.120.62
1050,Melinda,Roelvink,mroelvinkqd@lycos.com,Agender,8.71.30.5
1051,Murdock,Wollers,mwollersqe@hubpages.com,Male,98.46.25.115
1052,Dario,Reimer,dreimerqf@about.me,Male,190.87.166.202
1053,Konstantine,Canner,kcannerqg@house.gov,Male,180.148.36.60
1054,Orson,Brugger,obruggerqh@oakley.com,Male,240.98.162.250
1055,Vaclav,Attenbarrow,vattenbarrowqi@stumbleupon.com,Male,131.73.71.210
1056,Violette,Yeo,vyeoqj@bigcartel.com,Female,182.66.165.58
1057,Neile,Smillie,nsmillieqk@gmpg.org,Female,161.9.28.167
1058,Gerrie,Rabier,grabierql@netvibes.com,Female,25.195.47.35
1059,Vasili,Bucky,vbuckyqm@ovh.net,Male,253.51.197.86
1060,Granthem,Rillett,grillettqn@weather.com,Male,68.77.130.12
1061,Laurie,Chill,lchillqo@virginia.edu,Male,93.67.186.2
1062,Tersina,Ferrer,tferrerqp@nih.gov,Female,152.214.108.189
1063,Skelly,Conachie,sconachieqq@reuters.com,Male,218.14.223.184
1064,Roseanne,Adan,radanqr@hhs.gov,Female,64.52.245.109
1065,Radcliffe,Chadbourne,rchadbourneqs@drupal.org,Male,85.160.153.152
1066,Betteanne,Healey,bhealeyqt@noaa.gov,Female,226.104.106.6
1067,Fransisco,Egginson,fegginsonqu@netscape.com,Male,119.126.124.211
1068,Ollie,Raoul,oraoulqv@myspace.com,Male,10.91.243.121
1069,Stoddard,Beynon,sbeynonqw@uol.com.br,Female,199.244.159.47
1070,Carolin,Brandino,cbrandinoqx@netlog.com,Female,21.59.89.222
1071,Michail,Leckey,mleckeyqy@posterous.com,Male,149.60.87.99
1072,Ruddy,Zannolli,rzannolliqz@shop-pro.jp,Male,152.21.153.95
1073,Lilllie,Scutt,lscuttr0@com.com,Female,162.148.91.92
1074,Edithe,Arnson,earnsonr1@wired.com,Female,134.28.24.222
1075,Justus,Gardiner,jgardinerr2@soup.io,Male,211.103.193.234
1076,Shaun,Giacobilio,sgiacobilior3@goo.ne.jp,Male,155.193.254.106
1077,Charlotte,Marty,cmartyr4@kickstarter.com,Female,187.92.86.159
1078,Maurizio,Odams,modamsr5@msu.edu,Male,49.142.35.211
1079,Delainey,Lovel,dlovelr6@prlog.org,Male,146.208.176.182
1080,Karyl,Le Provest,kleprovestr7@mac.com,Female,224.29.98.154
1081,Carmencita,Benitti,cbenittir8@cafepress.com,Female,210.93.214.163
1082,Legra,Paddeley,lpaddeleyr9@cnet.com,Female,32.143.245.248
1083,Pedro,Silbert,psilbertra@umn.edu,Male,200.208.119.178
1084,Godard,Comfort,gcomfortrb@1688.com,Male,109.103.187.148
1085,Artus,Burghill,aburghillrc@businessinsider.com,Male,138.189.112.170
1086,Kelbee,Menzies,kmenziesrd@jalbum.net,Male,112.161.251.234
1087,Eryn,Pittet,epittetre@is.gd,Female,24.57.143.209
1088,Jori,Cook,jcookrf@elegantthemes.com,Female,203.112.181.196
1089,Janeen,Nunes Nabarro,jnunesnabarrorg@miitbeian.gov.cn,Female,68.10.1.18
1090,Lemmie,Senechell,lsenechellrh@domainmarket.com,Male,64.105.133.44
1091,Conney,Luckin,cluckinri@indiegogo.com,Male,21.127.219.243
1092,Lynsey,Sprigin,lspriginrj@umich.edu,Female,66.52.190.81
1093,Mord,Ruvel,mruvelrk@bandcamp.com,Male,52.133.212.162
1094,Babb,Clerke,bclerkerl@accuweather.com,Female,223.20.37.168
1095,Guthrie,Rootes,grootesrm@infoseek.co.jp,Male,138.189.240.133
1096,Sigismund,Kluss,sklussrn@nymag.com,Genderfluid,82.246.104.219
1097,Gwenore,Molnar,gmolnarro@gov.uk,Female,180.198.203.7
1098,Laurence,Pirri,lpirrirp@google.ru,Male,144.118.28.9
1099,Yulma,Bolens,ybolensrq@cmu.edu,Male,2.196.105.205
1100,Marrissa,Beagan,mbeaganrr@hugedomains.com,Female,90.196.97.34
