3,Lipyeat, Venus,vlipyeat2@mashable.com,37.242.207.146
9,Womersley, Honey,hwomersley8@ucla.edu,217.22.109.75
15,Beney, Julee,jbeneye@earthlink.net,154.243.206.189
17,Lagen, Jobyna,jlageng@w3.org,43.215.63.99
19,Harbin, Elvira,eharbini@cbc.ca,159.1.52.13
21,Titterrell, Hetti,htitterrellk@woothemes.com,169.254.129.117
23,Diano, Lily,ldianom@flavors.me,104.168.164.148
27,Brearton, Francisca,fbreartonq@opera.com,144.204.135.142
31,Upston, Maryrose,mupstonu@washingtonpost.com,213.176.140.151
33,Stothart, Raye,rstothartw@indiatimes.com,107.100.57.30
35,Conechie, Adriena,aconechiey@slate.com,75.96.133.72
37,Kelshaw, Pippa,pkelshaw10@exblog.jp,197.105.131.0
39,Redish, Amberly,aredish12@smugmug.com,10.118.164.240
41,Lexa, Adella,alexa14@woothemes.com,102.60.5.217
45,Abrahamsohn, Mellisa,mabrahamsohn18@prnewswire.com,153.166.130.78
49,Glenfield, Sacha,sglenfield1c@biglobe.ne.jp,191.63.121.39
59,Shildrake, Lulita,lshildrake1m@istockphoto.com,162.37.198.190
61,Crosham, Philippa,pcrosham1o@delicious.com,254.12.235.155
63,Jiruch, Codee,cjiruch1q@plala.or.jp,189.197.189.217
65,Colthurst, Ilysa,icolthurst1s@prweb.com,196.23.221.243
67,Colthard, Renie,rcolthard1u@nbcnews.com,95.109.101.250
71,Knell, Gray,gknell1y@java.com,215.124.211.235
73,Benneyworth, Valene,vbenneyworth20@skype.com,109.233.53.100
77,Adamkiewicz, Marris,madamkiewicz24@arizona.edu,100.76.250.19
79,Lawlee, Alfi,alawlee26@sitemeter.com,211.46.140.95
85,Fildes, Cassandra,cfildes2c@people.com.cn,88.79.51.237
87,Cross, Anthea,across2e@github.io,183.80.92.72
91,Bate, Bobbe,bbate2i@stumbleupon.com,168.3.80.87
99,MacFaell, Albie,amacfaell2q@wikia.com,152.70.223.158
